apartamentoenarriendoenjamundiconjuntoresidencialforestalaqua20201122035,https://www.olx.com.co/item/apartamento-en-arriendo-en-jamundi-conjunto-residencial-forestal-aqua-iid-1057475451,2020-1-12
arriendodeapartaestudioenelrefugiosurcali20201122035,https://www.olx.com.co/item/arriendo-de-apartaestudio-en-el-refugio-sur-cali-76-579-iid-1063306126,2020-1-12
apartamentoenarriendoencalibochalemacodabbnc20201132046,https://www.olx.com.co/item/apartamento-en-arriendo-en-cali-bochalema-cod-abbnc-90738-iid-1101093858,2020-1-13
apartamentoenarriendoencalibuenosairescodabbnc20201132046,https://www.olx.com.co/item/apartamento-en-arriendo-en-cali-buenos-aires-cod-abbnc-90741-iid-1101093853,2020-1-13
apartamentoenarriendoventaencalisantateresitacodabkwc20201132046,https://www.olx.com.co/item/apartamento-en-arriendoventa-en-cali-santa-teresita-cod-abkwc-104010-iid-1101093737,2020-1-13
sealquilahermosoapartamentotipoloft20201132120,https://www.olx.com.co/item/se-alquila-hermoso-apartamento-tipo-loft-iid-1101094128,2020-1-13
apartamentoenarriendoencaliquintasdedonsimoncodabbnc20201132120,https://www.olx.com.co/item/apartamento-en-arriendo-en-cali-quintas-de-don-simon-cod-abbnc-90743-iid-1101094007,2020-1-13
apartamentoenarriendoencalibochalemacodabbnc20201132120,https://www.olx.com.co/item/apartamento-en-arriendo-en-cali-bochalema-cod-abbnc-90738-iid-1101093858,2020-1-13
apartamentoenarriendoencalibuenosairescodabbnc20201132120,https://www.olx.com.co/item/apartamento-en-arriendo-en-cali-buenos-aires-cod-abbnc-90741-iid-1101093853,2020-1-13
apartamentoenarriendoventaencalisantateresitacodabkwc20201132120,https://www.olx.com.co/item/apartamento-en-arriendoventa-en-cali-santa-teresita-cod-abkwc-104010-iid-1101093737,2020-1-13
sealquilahermosoapartamentotipoloft20201132134,https://www.olx.com.co/item/se-alquila-hermoso-apartamento-tipo-loft-iid-1101094128,2020-1-13
apartamentoenarriendoencaliquintasdedonsimoncodabbnc20201132134,https://www.olx.com.co/item/apartamento-en-arriendo-en-cali-quintas-de-don-simon-cod-abbnc-90743-iid-1101094007,2020-1-13
apartamentoenarriendoencalibochalemacodabbnc20201132134,https://www.olx.com.co/item/apartamento-en-arriendo-en-cali-bochalema-cod-abbnc-90738-iid-1101093858,2020-1-13
apartamentoenarriendoencalibuenosairescodabbnc20201132134,https://www.olx.com.co/item/apartamento-en-arriendo-en-cali-buenos-aires-cod-abbnc-90741-iid-1101093853,2020-1-13
apartamentoenarriendoventaencalisantateresitacodabkwc20201132134,https://www.olx.com.co/item/apartamento-en-arriendoventa-en-cali-santa-teresita-cod-abkwc-104010-iid-1101093737,2020-1-13
casaenarriendoencalilasvegascodabuni20201132142,https://www.olx.com.co/item/casa-en-arriendo-en-cali-las-vegas-cod-abuni10121-iid-1101094291,2020-1-13
sealquilahermosoapartamentotipoloft20201132142,https://www.olx.com.co/item/se-alquila-hermoso-apartamento-tipo-loft-iid-1101094128,2020-1-13
apartamentoenarriendoencaliquintasdedonsimoncodabbnc20201132142,https://www.olx.com.co/item/apartamento-en-arriendo-en-cali-quintas-de-don-simon-cod-abbnc-90743-iid-1101094007,2020-1-13
apartamentoenarriendoencalibochalemacodabbnc20201132142,https://www.olx.com.co/item/apartamento-en-arriendo-en-cali-bochalema-cod-abbnc-90738-iid-1101093858,2020-1-13
apartamentoenarriendoencalibuenosairescodabbnc20201132142,https://www.olx.com.co/item/apartamento-en-arriendo-en-cali-buenos-aires-cod-abbnc-90741-iid-1101093853,2020-1-13
apartamentoenarriendoventaencalisantateresitacodabkwc20201132142,https://www.olx.com.co/item/apartamento-en-arriendoventa-en-cali-santa-teresita-cod-abkwc-104010-iid-1101093737,2020-1-13
apartamentoenalamedaderioclarojamundi20201132142,https://www.olx.com.co/item/apartamento-en-alameda-de-rio-claro-jamundi-iid-1101091925,2020-1-13
alquilerhabitacion20201132142,https://www.olx.com.co/item/alquiler-habitacion-iid-1101091199,2020-1-13
alquilopequeÑoapartamento20201132142,https://www.olx.com.co/item/alquilo-pequeno-apartamento-iid-1101091023,2020-1-13
casaenarriendoencaliguabalcodabbnc20201132142,https://www.olx.com.co/item/casa-en-arriendo-en-cali-guabal-cod-abbnc-90677-iid-1101090250,2020-1-13
apartaestudioenarriendobenjamÍnherreracaliwasi20201132142,https://www.olx.com.co/item/apartaestudio-en-arriendo-benjamin-herrera-cali-wasi-1868572-iid-1101090065,2020-1-13
apartaestudioenarriendoencaliprimerodemayocodabsbi20201132142,https://www.olx.com.co/item/apartaestudio-en-arriendo-en-cali-primero-de-mayo-cod-absbi12227-iid-1101090018,2020-1-13
alquilohabitacionsupereconomica20201132142,https://www.olx.com.co/item/alquilo-habitacion-super-economica-iid-1065308069,2020-1-13
alquilohabitacionamoblada20201132142,https://www.olx.com.co/item/alquilo-habitacion-amoblada-iid-1065187189,2020-1-13
alquileramobladoapartamentoencaney20201132142,https://www.olx.com.co/item/alquiler-amoblado-apartamento-en-caney-iid-1009806656,2020-1-13
apartamentoaestrenarciudadbochalema20201132142,https://www.olx.com.co/item/apartamento-a-estrenar-ciudad-bochalema-iid-1101088381,2020-1-13
sealquilahabitacion20201132142,https://www.olx.com.co/item/se-alquila-habitacion-iid-1101087912,2020-1-13
casaampliaencaney20201132142,https://www.olx.com.co/item/casa-amplia-en-caney-iid-1101087114,2020-1-13
apartamentoampliocomodoyseguro20201132142,https://www.olx.com.co/item/apartamento-amplio-comodo-y-seguro-iid-1101087087,2020-1-13
habitacionenvegasdecomfandi20201132142,https://www.olx.com.co/item/habitacion-en-vegas-de-comfandi-iid-1101086789,2020-1-13
apartaestudioenarriendoencalielcedrocodabsum20201112142,https://www.olx.com.co/item/apartaestudio-en-arriendo-en-cali-el-cedro-cod-absum460903-iid-1100225090,2020-1-11
apartamentoenarriendoencalisantateresitacodabjmi2020192142,https://www.olx.com.co/item/apartamento-en-arriendo-en-cali-santa-teresita-cod-abjmi8560-iid-1063893644,2020-1-9 
apartamentoenarriendoencalicristalescodabcmp20201132142,https://www.olx.com.co/item/apartamento-en-arriendo-en-cali-cristales-cod-abcmp1559-iid-1100335435,2020-1-13
apartaestudioenarriendoencalisanantoniocodabgar20201132142,https://www.olx.com.co/item/apartaestudio-en-arriendo-en-cali-san-antonio-cod-abgar598-iid-1100928110,2020-1-13
arriendoapartamentoenvialareformacallejonlospericos20201132142,https://www.olx.com.co/item/arriendo-apartamento-en-via-la-reforma-callejon-los-pericos-iid-1101112697,2020-1-13
apartaestudioenexcelnteubicaciosur20201132142,https://www.olx.com.co/item/apartaestudio-en-excelnte-ubicacio-sur-iid-1101112224,2020-1-13
cartalaboralconfiador20201132142,https://www.olx.com.co/item/carta-laboral-con-fiador-iid-1101111645,2020-1-13
alquilerdecasasegundopiso20201132142,https://www.olx.com.co/item/alquiler-de-casa-segundo-piso-iid-1101110644,2020-1-13
casaenprimerodemayo20201132142,https://www.olx.com.co/item/casa-en-primero-de-mayo-iid-1101110218,2020-1-13
searriendaapartaestudio20201132142,https://www.olx.com.co/item/se-arrienda-apartaestudio-iid-1101109421,2020-1-13
casaenarriendoencalilasvegascodabuni20201132142,https://www.olx.com.co/item/casa-en-arriendo-en-cali-las-vegas-cod-abuni10121-iid-1101109053,2020-1-13
casaenarriendoencaliguabalcodabbnc20201132142,https://www.olx.com.co/item/casa-en-arriendo-en-cali-guabal-cod-abbnc-90677-iid-1101108840,2020-1-13
apartamentoenarriendoencalibochalemacodabbnc20201132142,https://www.olx.com.co/item/apartamento-en-arriendo-en-cali-bochalema-cod-abbnc-90738-iid-1101108830,2020-1-13
casaenarriendoencalinapolescodabbnc20201132142,https://www.olx.com.co/item/casa-en-arriendo-en-cali-napoles-cod-abbnc-90596-iid-1101108827,2020-1-13
searriendahabitacion20201132142,https://www.olx.com.co/item/se-arrienda-habitacion-iid-1101108193,2020-1-13
aptodopisoaestrenar!habsciudadcordoba20201132142,https://www.olx.com.co/item/apto-2do-piso-a-estrenar-2habs-ciudad-cordoba-iid-1101106448,2020-1-13
alquilohabitacion20201132142,https://www.olx.com.co/item/alquilo-habitacion-iid-1101105427,2020-1-13
alquilohermosoapartaestudioduplexcongarajebarriojunincali20201132142,https://www.olx.com.co/item/alquilo-hermoso-apartaestudio-duplex-con-garaje-barrio-junin-cali-iid-1101104691,2020-1-13
sealquilacuartoamobladosurdecali20201132142,https://www.olx.com.co/item/se-alquila-cuarto-amoblado-sur-de-cali-iid-1101104512,2020-1-13
aptofullacabados20201132142,https://www.olx.com.co/item/apto-full-acabados-iid-1101104395,2020-1-13
apartaestudioenalquilercalisurmirafloreswasi20201122142,https://www.olx.com.co/item/apartaestudio-en-alquiler-cali-sur-miraflores-wasi-1747000-iid-1100480308,2020-1-12
casaenarriendoencalibaseaereacodabsum20201112142,https://www.olx.com.co/item/casa-en-arriendo-en-cali-base-aerea-cod-absum461429-iid-1100248823,2020-1-11
excelenteaptoparaestrenar20201132142,https://www.olx.com.co/item/excelente-apto-para-estrenar-iid-1100327882,2020-1-13
apartamentoenarriendoyumbo20201122142,https://www.olx.com.co/item/apartamento-en-arriendo-yumbo-iid-1065776660,2020-1-12
apartamentosegundopisobarrioobrero20201132142,https://www.olx.com.co/item/apartamento-segundo-piso-barrio-318obrero-iid-1101103847,2020-1-13
apartamentoenarriendoencalielingenioiiicodabjmi20201132142,https://www.olx.com.co/item/apartamento-en-arriendo-en-cali-el-ingenio-iii-cod-abjmi8759-iid-1101103561,2020-1-13
apartamentoenarriendoencalibellasuizacodabjmi20201132142,https://www.olx.com.co/item/apartamento-en-arriendo-en-cali-bella-suiza-cod-abjmi7024-iid-1101103558,2020-1-13
apartamentoenarriendoencalielingenioiiicodabjmi20201132142,https://www.olx.com.co/item/apartamento-en-arriendo-en-cali-el-ingenio-iii-cod-abjmi8762-iid-1101103553,2020-1-13
apartamentoenarriendoencalielingenioiiicodabjmi20201132142,https://www.olx.com.co/item/apartamento-en-arriendo-en-cali-el-ingenio-iii-cod-abjmi8760-iid-1101103536,2020-1-13
arriendoapartaestudioelpeÑon20201132142,https://www.olx.com.co/item/arriendo-apartaestudio-el-penon-iid-1101102884,2020-1-13
sealquilacasagrandepisobarrioasturias20201132142,https://www.olx.com.co/item/se-alquila-casa-grande-1-piso-barrio-asturias-iid-1063826697,2020-1-13
alquilerapartaestudiodesoloambiente20201132142,https://www.olx.com.co/item/alquiler-aparta-estudio-de-1-solo-ambiente-iid-1101102316,2020-1-13
aptopisobarriodemayo20201132142,https://www.olx.com.co/item/apto-3-piso-barrio-1-de-mayo-iid-1101101737,2020-1-13
habitacionesestudiantes20201132142,https://www.olx.com.co/item/habitaciones-estudiantes-iid-1101098883,2020-1-13
apartamentoenarriendoencalisanfernandocodabsum20201132142,https://www.olx.com.co/item/apartamento-en-arriendo-en-cali-san-fernando-cod-absum460905-iid-1101098217,2020-1-13
habitacionenarrriendo20201132142,https://www.olx.com.co/item/habitacion-en-arrriendo-iid-1101098213,2020-1-13
apartaestudioenarriendoencaliprimerodemayocodabsbi20201132142,https://www.olx.com.co/item/apartaestudio-en-arriendo-en-cali-primero-de-mayo-cod-absbi12233-iid-1101098123,2020-1-13
apartaestudioenarriendoencaliprimerodemayocodabsbi20201132142,https://www.olx.com.co/item/apartaestudio-en-arriendo-en-cali-primero-de-mayo-cod-absbi12231-iid-1101098122,2020-1-13
sealquilaapartaestudioconserviciosincluidossingasenelrefugio20201132142,https://www.olx.com.co/item/se-alquila-apartaestudio-con-servicios-incluidos-sin-gas-en-el-refugio-iid-1101098062,2020-1-13
apartamentoenarriendoencalielpenioncodabcmp20201132142,https://www.olx.com.co/item/apartamento-en-arriendo-en-cali-el-penon-cod-abcmp495-iid-1064390005,2020-1-13
apartamentoenarriendoenjamundijamundicodabjmi20201112142,https://www.olx.com.co/item/apartamento-en-arriendo-en-jamundi-jamundi-cod-abjmi8582-iid-1100192588,2020-1-11
casaenarriendoencaliellidocodabvlz20201122142,https://www.olx.com.co/item/casa-en-arriendo-en-cali-el-lido-cod-abvlz-2246-iid-1067392418,2020-1-12
searriendaapartamentoentercerpiso20201122142,https://www.olx.com.co/item/se-arrienda-apartamento-en-tercer-piso-iid-1100573561,2020-1-12
apartamentoenarriendoencalibochalemacodabbnc20201102142,https://www.olx.com.co/item/apartamento-en-arriendo-en-cali-bochalema-cod-abbnc-85362-iid-1066740488,2020-1-10
apartamentoenarriendoencalicristalescodabvlz20201132142,https://www.olx.com.co/item/apartamento-en-arriendo-en-cali-cristales-cod-abvlz-2359-iid-1101097798,2020-1-13
casacondominioenarriendoencalipancecodabiaa20201132142,https://www.olx.com.co/item/casa-condominio-en-arriendo-en-cali-pance-cod-abiaa793-iid-1101096798,2020-1-13
apartamentoenarriendoventaencaliseminariocodabiaa20201132142,https://www.olx.com.co/item/apartamento-en-arriendoventa-en-cali-seminario-cod-abiaa913-iid-1101096756,2020-1-13
apartamentoenarriendoencalibochalemacodabiaa20201132142,https://www.olx.com.co/item/apartamento-en-arriendo-en-cali-bochalema-cod-abiaa1001-iid-1101096736,2020-1-13
apartaestudioenarriendobenjamÍnherreracaliwasi20201132142,https://www.olx.com.co/item/apartaestudio-en-arriendo-benjamin-herrera-cali-wasi-1867264-iid-1101096581,2020-1-13
apartamentoenarriendoencalielrefugiocodabinp20201132142,https://www.olx.com.co/item/apartamento-en-arriendo-en-cali-el-refugio-cod-abinp21521-iid-1101095925,2020-1-13
searriendaapartaestudioenelbarriomiraflores20201132142,https://www.olx.com.co/item/se-arrienda-apartaestudio-en-el-barrio-miraflores-iid-1101095379,2020-1-13
departamentoenrenta20201132142,https://www.olx.com.co/item/71662-departamento-en-renta-iid-1101095298,2020-1-13
alquilerapartamentos20201132142,https://www.olx.com.co/item/alquiler-apartamentos-iid-1101095245,2020-1-13
arrendoocedocontratobagosto20201132142,https://www.olx.com.co/item/arrendo-o-cedo-contrato-b7-agosto-iid-1101094703,2020-1-13
apartaestudioenarriendoencaligranadacodabayc20201132142,https://www.olx.com.co/item/apartaestudio-en-arriendo-en-cali-granada-cod-abayc3291-iid-1101094607,2020-1-13
apartamentoenarriendoencalilaindependenciacodabayc20201132142,https://www.olx.com.co/item/apartamento-en-arriendo-en-cali-la-independencia-cod-abayc1276-iid-1101094603,2020-1-13
searriendaapartaestudio20201132142,https://www.olx.com.co/item/se-arrienda-apartaestudio-iid-1101094436,2020-1-13
casaenarriendoencaliciudadcodabuni20201132142,https://www.olx.com.co/item/casa-en-arriendo-en-cali-ciudad-2000-cod-abuni10120-iid-1101094303,2020-1-13
apartamentoenarriendoencalicuidadbochalemacodabuni20201132142,https://www.olx.com.co/item/apartamento-en-arriendo-en-cali-cuidad-bochalema-cod-abuni8327-iid-1101094302,2020-1-13
apartamentoenarriendoencalimayapanlasvegascodabuni20201132142,https://www.olx.com.co/item/apartamento-en-arriendo-en-cali-mayapan-las-vegas-cod-abuni4738-iid-1101094299,2020-1-13
alquiloapartamentoenbochalemanogal20201122142,https://www.olx.com.co/item/alquilo-apartamento-en-bochalema-nogal-iid-1053740370,2020-1-12
apartaestudioenarriendoencaliciudadcordobacodabsum20201132142,https://www.olx.com.co/item/apartaestudio-en-arriendo-en-cali-ciudad-cordoba-cod-absum461433-iid-1100285996,2020-1-13
edificioenarriendoventaencalitempletecodabsum20201132142,https://www.olx.com.co/item/edificio-en-arriendoventa-en-cali-templete-cod-absum460048-iid-1100380686,2020-1-13
arriendodeapartaestudioenelrefugiosurcali20201122142,https://www.olx.com.co/item/arriendo-de-apartaestudio-en-el-refugio-sur-cali-76-522-iid-1063305792,2020-1-12
casaenarriendoencalilasvegascodabuni20201132142,https://www.olx.com.co/item/casa-en-arriendo-en-cali-las-vegas-cod-abuni10121-iid-1101094291,2020-1-13
sealquilahermosoapartamentotipoloft20201132142,https://www.olx.com.co/item/se-alquila-hermoso-apartamento-tipo-loft-iid-1101094128,2020-1-13
apartamentoenarriendoencaliquintasdedonsimoncodabbnc20201132142,https://www.olx.com.co/item/apartamento-en-arriendo-en-cali-quintas-de-don-simon-cod-abbnc-90743-iid-1101094007,2020-1-13
apartamentoenarriendoencalibochalemacodabbnc20201132142,https://www.olx.com.co/item/apartamento-en-arriendo-en-cali-bochalema-cod-abbnc-90738-iid-1101093858,2020-1-13
apartamentoenarriendoencalibuenosairescodabbnc20201132142,https://www.olx.com.co/item/apartamento-en-arriendo-en-cali-buenos-aires-cod-abbnc-90741-iid-1101093853,2020-1-13
apartamentoenarriendoventaencalisantateresitacodabkwc20201132142,https://www.olx.com.co/item/apartamento-en-arriendoventa-en-cali-santa-teresita-cod-abkwc-104010-iid-1101093737,2020-1-13
apartamentoenalamedaderioclarojamundi20201132142,https://www.olx.com.co/item/apartamento-en-alameda-de-rio-claro-jamundi-iid-1101091925,2020-1-13
alquilerhabitacion20201132142,https://www.olx.com.co/item/alquiler-habitacion-iid-1101091199,2020-1-13
alquilopequeÑoapartamento20201132142,https://www.olx.com.co/item/alquilo-pequeno-apartamento-iid-1101091023,2020-1-13
casaenarriendoencaliguabalcodabbnc20201132142,https://www.olx.com.co/item/casa-en-arriendo-en-cali-guabal-cod-abbnc-90677-iid-1101090250,2020-1-13
apartaestudioenarriendobenjamÍnherreracaliwasi20201132142,https://www.olx.com.co/item/apartaestudio-en-arriendo-benjamin-herrera-cali-wasi-1868572-iid-1101090065,2020-1-13
apartaestudioenarriendoencaliprimerodemayocodabsbi20201132142,https://www.olx.com.co/item/apartaestudio-en-arriendo-en-cali-primero-de-mayo-cod-absbi12227-iid-1101090018,2020-1-13
alquilohabitacionsupereconomica20201132142,https://www.olx.com.co/item/alquilo-habitacion-super-economica-iid-1065308069,2020-1-13
alquilohabitacionamoblada20201132142,https://www.olx.com.co/item/alquilo-habitacion-amoblada-iid-1065187189,2020-1-13
alquileramobladoapartamentoencaney20201132142,https://www.olx.com.co/item/alquiler-amoblado-apartamento-en-caney-iid-1009806656,2020-1-13
apartamentoaestrenarciudadbochalema20201132142,https://www.olx.com.co/item/apartamento-a-estrenar-ciudad-bochalema-iid-1101088381,2020-1-13
apartamentoenarriendoencalibochalemacodabbnc20201102142,https://www.olx.com.co/item/apartamento-en-arriendo-en-cali-bochalema-cod-abbnc-88336-iid-1066741264,2020-1-10
apartamentoenarriendoencaliciudadcodabsum20201112142,https://www.olx.com.co/item/apartamento-en-arriendo-en-cali-ciudad-2000-cod-absum461457-iid-1100720714,2020-1-11
arriendodeapartaestudioensantaanitasurcali20201112142,https://www.olx.com.co/item/arriendo-de-apartaestudio-en-santa-anita-sur-cali-788-536-iid-1100105393,2020-1-11
apartamentoenarriendoencalisantateresitacodabjmi20201122142,https://www.olx.com.co/item/apartamento-en-arriendo-en-cali-santa-teresita-cod-abjmi5176-iid-1067455047,2020-1-12
sealquilahabitacion20201132142,https://www.olx.com.co/item/se-alquila-habitacion-iid-1101087912,2020-1-13
casaampliaencaney20201132142,https://www.olx.com.co/item/casa-amplia-en-caney-iid-1101087114,2020-1-13
apartamentoampliocomodoyseguro20201132142,https://www.olx.com.co/item/apartamento-amplio-comodo-y-seguro-iid-1101087087,2020-1-13
habitacionenvegasdecomfandi20201132142,https://www.olx.com.co/item/habitacion-en-vegas-de-comfandi-iid-1101086789,2020-1-13
habitacionconbanioprivado20201122142,https://www.olx.com.co/item/habitacion-con-bano-privado-iid-1101085823,2020-1-12
apartaestudiolidotodoincluido20201122142,https://www.olx.com.co/item/apartaestudio-lido-todo-incluido-iid-1101084806,2020-1-12
apartaestudioalquiler20201122142,https://www.olx.com.co/item/apartaestudio-alquiler-iid-1101084420,2020-1-12
sealquilahabitacion20201122142,https://www.olx.com.co/item/se-alquila-habitacion-iid-1101082858,2020-1-12
habitacionamobladaconbaÑopropio20201122142,https://www.olx.com.co/item/habitacion-amoblada-con-bano-propio-iid-1101081814,2020-1-12
alquiloapartamentoserviciosincluidos20201122142,https://www.olx.com.co/item/alquilo-apartamento-servicios-incluidos-iid-1101081497,2020-1-12
alquiloapartamentosegundopisociudadcordoba20201122142,https://www.olx.com.co/item/alquilo-apartamento-segundo-piso-ciudad-cordoba-iid-1101081203,2020-1-12
elprecioincluyeadministracionyservicios20201122142,https://www.olx.com.co/item/el-precio-incluye-administracion-y-servicios-iid-1101079425,2020-1-12
searriendaapartaestudio20201122142,https://www.olx.com.co/item/se-arrienda-aparta-estudio-iid-1101077333,2020-1-12
habitacionamobladaconaireac20201122142,https://www.olx.com.co/item/habitacion-amoblada-con-aire-ac-iid-1064962782,2020-1-12
hermosoapartamentoenelcarneycrac#ª20201122142,https://www.olx.com.co/item/hermoso-apartamento-en-el-carney-cra-85c2-54-28-iid-1101075975,2020-1-12
habitacionparadama20201122142,https://www.olx.com.co/item/habitacion-para-dama-iid-1101074928,2020-1-12
apartamentoenarriendoencalinapolescodabpro20201132142,https://www.olx.com.co/item/apartamento-en-arriendo-en-cali-napoles-cod-abpro2761-iid-1100424780,2020-1-13
labasecaliarriendo20201102142,https://www.olx.com.co/item/la-base-cali-arriendo-iid-1061323891,2020-1-10
apartamentoenarriendoventaenjamundijamundicodabjmi20201122142,https://www.olx.com.co/item/apartamento-en-arriendoventa-en-jamundi-jamundi-cod-abjmi7072-iid-1056942868,2020-1-12
alquilercasacristales20201122142,https://www.olx.com.co/item/72952-alquiler-casa-cristales-iid-1100667442,2020-1-12
apartaestudioparaestrenarendepartamentaltodoincluido20201122142,https://www.olx.com.co/item/apartaestudio-para-estrenar-en-departamental-todo-incluido-iid-1101071689,2020-1-12
alquiloapartamentolasceibascali20201122142,https://www.olx.com.co/item/alquilo-apartamento-las-ceibas-cali-iid-1101071601,2020-1-12
multicentrounidadtorresegundopisoesquineroperfectoestado20201112142,https://www.olx.com.co/item/multicentro-unidad-12-torre-7-segundo-piso-esquinero-perfecto-estado-iid-1101067877,2020-1-11
sealquilaapartamentopisoindependiente20201112142,https://www.olx.com.co/item/se-alquila-apartamento-3-piso-independiente-iid-1101067528,2020-1-11
sealquilaaptopisotodoindependiente20201112142,https://www.olx.com.co/item/se-alquila-apto-3-piso-todo-independiente-iid-1101067379,2020-1-11
sealquilacasapiso20201112142,https://www.olx.com.co/item/se-alquila-casa-3-piso-iid-1101065269,2020-1-11
habitacionenbosquesdellimonarparapersonaqueestudietrabaje20201112142,https://www.olx.com.co/item/habitacion-en-bosques-del-limonar-para-persona-que-estudietrabaje-iid-1101064802,2020-1-11
alquilerdeapartamento20201112142,https://www.olx.com.co/item/alquiler-de-apartamento-iid-1101062377,2020-1-11
arriendoapartaestudio20201112142,https://www.olx.com.co/item/arriendo-apartaestudio-iid-1101059839,2020-1-11
casalimonar20201112142,https://www.olx.com.co/item/casa-limonar-iid-1101059735,2020-1-11
alquilohabitacionapersonasolaquetrabajeoestudie20201112142,https://www.olx.com.co/item/alquilo-habitacion-a-persona-sola-que-trabaje-o-estudie-iid-1101059496,2020-1-11
alquilocasaaguacatal20201112142,https://www.olx.com.co/item/alquilo-casa-aguacatal-iid-1101059010,2020-1-11
sealquilahabitacionparaestudianteenelbarriorefugio20201112142,https://www.olx.com.co/item/se-alquila-habitacion-para-estudiante-en-el-barrio-refugio-iid-1101058117,2020-1-11
apartaestudio20201112142,https://www.olx.com.co/item/apartaestudio-iid-1101057831,2020-1-11
alquilohabitacion20201112142,https://www.olx.com.co/item/alquilo-habitacion-iid-1101057619,2020-1-11
alquilerdeapartamentoamobladoenvalledellili20201112142,https://www.olx.com.co/item/alquiler-de-apartamento-amoblado-en-valle-del-lili-iid-1101057455,2020-1-11
apartamentoenarriendoencalivalledellilicodabcmp20201122142,https://www.olx.com.co/item/apartamento-en-arriendo-en-cali-valle-del-lili-cod-abcmp1579-iid-1100480843,2020-1-12
apartaestudioenalquilercalisurmirafloreswasi20201122142,https://www.olx.com.co/item/apartaestudio-en-alquiler-cali-sur-miraflores-wasi-1746998-iid-1100479718,2020-1-12
arriendodeapartamentoenbretaÃ±asurcali20201112142,https://www.olx.com.co/item/arriendo-de-apartamento-en-bretaaa-sur-cali-76-604-iid-1100219130,2020-1-11
arriendodeapartamentoenelingeniosurcali20201112142,https://www.olx.com.co/item/arriendo-de-apartamento-en-el-ingenio-sur-cali-788-657-iid-1100105391,2020-1-11
arriendoapartamentoensantodomingocali20201112142,https://www.olx.com.co/item/arriendo-apartamento-en-santo-domingo-cali-3253804-iid-1101056987,2020-1-11
searriendaaptopisoenbarriodepartamental20201112142,https://www.olx.com.co/item/se-arrienda-apto-2-piso-en-barrio-departamental-iid-1101056501,2020-1-11
sealquilahabitacionbarriodepartamental20201112142,https://www.olx.com.co/item/se-alquila-habitacion-barrio-departamental-iid-1101056278,2020-1-11
alquilocasa20201112142,https://www.olx.com.co/item/alquilo-casa-iid-1101055957,2020-1-11
searriendaenlasgranjas20201112142,https://www.olx.com.co/item/se-arrienda-en-las-granjas-iid-1101055845,2020-1-11
casaenarriendoenlafortaleza20201112142,https://www.olx.com.co/item/casa-en-arriendo-en-la-fortaleza-iid-1101054580,2020-1-11
alquilocuartoadamaqueestudieyotrabaje20201112142,https://www.olx.com.co/item/alquilo-cuarto-a-dama-que-estudie-yo-trabaje-iid-1101054336,2020-1-11
sealquilahabitacionapersonasola20201112142,https://www.olx.com.co/item/se-alquila-habitacion-a-persona-sola-iid-1101054074,2020-1-11
alquilerapartamentolahaciendasurdecali20201112142,https://www.olx.com.co/item/alquiler-apartamento-la-hacienda-sur-de-cali-iid-1101053997,2020-1-11
alquilohabitacionadamasola20201102142,https://www.olx.com.co/item/alquilo-habitacion-a-dama-sola-iid-1101051887,2020-1-10
apartamentobarriodepartamental20201102142,https://www.olx.com.co/item/apartamento-barrio-departamental-iid-1101049098,2020-1-10
arriendoaptoenalfaguara20201102142,https://www.olx.com.co/item/arriendo-apto-en-alfaguara-iid-1064968999,2020-1-10
alquiloapartamentoamobladoparaestrenar20201102142,https://www.olx.com.co/item/alquilo-apartamento-amoblado-para-estrenar-iid-1101048250,2020-1-10
alquilohabitacionbarriociudadcordobapiezaconbanioprivado20201102142,https://www.olx.com.co/item/alquilo-habitacion-barrio-ciudad-cordoba-pieza-con-bano-privado-iid-1101048000,2020-1-10
vendocasaesquineracondoslocalescomerciales20201102142,https://www.olx.com.co/item/vendo-casa-esquinera-con-dos-locales-comerciales-iid-1101047535,2020-1-10
sealquilahabitacionprivadabarriocentral20201102142,https://www.olx.com.co/item/se-alquila-habitacion-privada-barrio-central-iid-1101045977,2020-1-10
arriendodeapartamentoenaguacataloccidenteoestecali20201122142,https://www.olx.com.co/item/arriendo-de-apartamento-en-aguacatal-occidenteoeste-cali-76-639-iid-1066297277,2020-1-12
refugioapartaestudiosegundopiso20201132142,https://www.olx.com.co/item/refugio-apartaestudio-segundo-piso-iid-1100320571,2020-1-13
apartamentoenarriendoencalicaminorealcodabcll20201112142,https://www.olx.com.co/item/apartamento-en-arriendo-en-cali-camino-real-cod-abcll358-iid-1100199616,2020-1-11
sealquilahermosacasaenciudadjardincali20201122142,https://www.olx.com.co/item/se-alquila-hermosa-casa-en-ciudad-jardin-cali-iid-1049176153,2020-1-12
alquilohabitacionlasgranjas20201102142,https://www.olx.com.co/item/alquilo-habitacion-las-granjas-iid-1061100968,2020-1-10
sealquilaapartaestudiodedosambientesconserviciosincludios20201102142,https://www.olx.com.co/item/se-alquila-apartaestudio-de-dos-ambientes-con-servicios-includios-iid-1101045642,2020-1-10
aptoconjuntoresidencialpradoszaragoza20201102142,https://www.olx.com.co/item/apto-conjunto-residencial-prados-zaragoza-iid-1101045431,2020-1-10
centralapartastudiobienubicado20201102142,https://www.olx.com.co/item/central-aparta-studio-bien-ubicado-iid-1101044715,2020-1-10
sealquilaapartamentotercerpisonuevafloresta20201102142,https://www.olx.com.co/item/se-alquila-apartamento-tercer-piso-nueva-floresta-iid-1101039674,2020-1-10
apartaestudiosingenio20201102142,https://www.olx.com.co/item/apartaestudios-ingenio-iid-1101038096,2020-1-10
alquiloapartaestudioindependienteconvistaalacalle20201102142,https://www.olx.com.co/item/alquilo-apartaestudio-independiente-con-vista-a-la-calle-iid-1101037772,2020-1-10
apartamentosur20201102142,https://www.olx.com.co/item/apartamento-sur-iid-1101037309,2020-1-10
alquilohabitacion20201102142,https://www.olx.com.co/item/alquilo-habitacion-iid-1101036568,2020-1-10
sealquilahabitacionpampalinda20201102142,https://www.olx.com.co/item/se-alquila-habitacion-pampalinda-iid-1101035986,2020-1-10
sealquilacasa20201102142,https://www.olx.com.co/item/se-alquila-casa-iid-1101035720,2020-1-10
apartaestudioamobladotipoloftenalquilersectorsurincluyeparqueaderoprivadoensotano20201102142,https://www.olx.com.co/item/apartaestudio-amoblado-tipo-loft-en-alquiler-sector-sur-incluye-parqueadero-privado-en-sotano-iid-1101034785,2020-1-10
alquilohabitacionamobladaciudad20201102142,https://www.olx.com.co/item/alquilo-habitacion-amoblada-ciudad-2000-iid-1101032767,2020-1-10
habitacionsinoconamoblarmujerestudieotrabaje20201102142,https://www.olx.com.co/item/habitacion-sin-o-con-amoblar-mujer-estudie-o-trabaje-iid-1101032418,2020-1-10
alquilohabitacionamoblada20201102142,https://www.olx.com.co/item/alquilo-habitacion-amoblada-iid-1065111117,2020-1-10
apartamentoenarriendoencalicaneycodabmtb20201102142,https://www.olx.com.co/item/apartamento-en-arriendo-en-cali-caney-cod-abmtb2595-iid-1101031128,2020-1-10
apartaestudioenalquilercalicentrosanboscowasi20201112142,https://www.olx.com.co/item/apartaestudio-en-alquiler-cali-centro-san-bosco-wasi-1636859-iid-1100201045,2020-1-11
casarentasantarita20201122142,https://www.olx.com.co/item/94418-casa-renta-santa-rita-iid-1100667476,2020-1-12
disponiblealquilerapartamentonorte2020182142,https://www.olx.com.co/item/disponible-alquiler-apartamento-norte-iid-1100987069,2020-1-8 
alquilohermosacasaprimerpisobarriojunincali20201132142,https://www.olx.com.co/item/alquilo-hermosa-casa-primer-piso-barrio-junin-cali-iid-1100878770,2020-1-13
apartamentoenarriendoencalielcedrocodabmtb20201102142,https://www.olx.com.co/item/apartamento-en-arriendo-en-cali-el-cedro-cod-abmtb2598-iid-1101031127,2020-1-10
apartaestudioenarriendoencaliloscambuloscodabmtb20201102142,https://www.olx.com.co/item/apartaestudio-en-arriendo-en-cali-los-cambulos-cod-abmtb2596-iid-1101031113,2020-1-10
apartamentoenarriendoencaliaguacatalcodabvlz20201102142,https://www.olx.com.co/item/apartamento-en-arriendo-en-cali-aguacatal-cod-abvlz-1098-iid-1101031025,2020-1-10
apartamentoenarriendoencaliaguacatalcodabvlz20201102142,https://www.olx.com.co/item/apartamento-en-arriendo-en-cali-aguacatal-cod-abvlz-2131-iid-1101031024,2020-1-10
apartamentoenarriendoencalisantateresitacodabvlz20201102142,https://www.olx.com.co/item/apartamento-en-arriendo-en-cali-santa-teresita-cod-abvlz-2129-iid-1101031022,2020-1-10
apartamentoenarriendoencalialtosdesantaisabelcodabcmp20201102142,https://www.olx.com.co/item/apartamento-en-arriendo-en-cali-altos-de-santa-isabel-cod-abcmp1617-iid-1101031021,2020-1-10
casalocalenarriendoencaligranadanortecodabvlz20201102142,https://www.olx.com.co/item/casa-local-en-arriendo-en-cali-granada-norte-cod-abvlz-1753-iid-1101031007,2020-1-10
apartamentoenarriendoventaencalivalledellilicodabcmp20201102142,https://www.olx.com.co/item/apartamento-en-arriendoventa-en-cali-valle-del-lili-cod-abcmp1616-iid-1101031001,2020-1-10
apartamentoenarriendoencalicoliseodelpueblocodabpyc20201102142,https://www.olx.com.co/item/apartamento-en-arriendo-en-cali-coliseo-del-pueblo-cod-abpyc31494-iid-1101030396,2020-1-10
casaenarriendoencalielcedrocodabgar20201102142,https://www.olx.com.co/item/casa-en-arriendo-en-cali-el-cedro-cod-abgar950-iid-1101030257,2020-1-10
apartamentoenarriendoencalicodabbnc20201102142,https://www.olx.com.co/item/apartamento-en-arriendo-en-cali-cod-abbnc-76001-iid-1101030066,2020-1-10
alquilerapto20201102142,https://www.olx.com.co/item/alquiler-apto-iid-1101029423,2020-1-10
alquilohabitacionapersonaqtrabaje2020192142,https://www.olx.com.co/item/alquilo-habitacion-a-persona-q-trabaje-iid-1065458203,2020-1-9 
arriendoapartamento2020192142,https://www.olx.com.co/item/arriendo-apartamento-iid-1101028447,2020-1-9 
sealquilahabitacionparamujerquetrabajeyestudieenaltosdelrefugio2020192142,https://www.olx.com.co/item/se-alquila-habitacion-para-mujer-que-trabaje-y-estudie-en-altos-del-refugio-iid-1101028079,2020-1-9 
searriendaapartamentoparaestrenar2020192142,https://www.olx.com.co/item/se-arrienda-apartamento-para-estrenar-iid-1101027102,2020-1-9 
apartaestudioenarriendoencalicaneycodabpro20201132142,https://www.olx.com.co/item/apartaestudio-en-arriendo-en-cali-caney-cod-abpro3056-iid-1100424756,2020-1-13
apartamentoenarriendoencalibretaniacodabgar20201122142,https://www.olx.com.co/item/apartamento-en-arriendo-en-cali-bretana-cod-abgar366-iid-1064384112,2020-1-12
arriendodeapartamentoensanfernandonuevosurcali20201112142,https://www.olx.com.co/item/arriendo-de-apartamento-en-san-fernando-nuevo-sur-cali-76-676-iid-1100202442,2020-1-11
casaenarriendoencaligranadacodabsum20201132142,https://www.olx.com.co/item/casa-en-arriendo-en-cali-granada-cod-absum461337-iid-1100380689,2020-1-13
arrendoapartamentoenelsena2020192142,https://www.olx.com.co/item/arrendo-apartamento-en-el-sena-iid-1101026425,2020-1-9 
alquilocedoapartamentooestedecali2020192142,https://www.olx.com.co/item/alquilo-cedo-apartamento-oeste-de-cali-iid-1101026410,2020-1-9 
arriendohabitacion2020192142,https://www.olx.com.co/item/arriendo-habitacion-iid-1101025799,2020-1-9 
sealquilahabitacionunidadmultifamiliarlabase2020192142,https://www.olx.com.co/item/se-alquila-habitacion-unidad-multifamiliar-la-base-iid-1101025603,2020-1-9 
apartaestudioenarriendobarriocoloncali2020192142,https://www.olx.com.co/item/apartaestudio-en-arriendo-barrio-colon-cali-iid-1101025506,2020-1-9 
sealquilaapartamento2020192142,https://www.olx.com.co/item/se-alquila-apartamento-iid-1101025409,2020-1-9 
searriendaapartamntefrenteasantiagoplazamuybuenaubicacionconbuenserviciodetransporte2020192142,https://www.olx.com.co/item/se-arrienda-apartamnte-frente-a-santiago-plaza-muy-buena-ubicacion-con-buen-servicio-de-transporte-iid-1101025257,2020-1-9 
alquilohermosoaptoconjuntorincondelcaney2020192142,https://www.olx.com.co/item/alquilo-hermoso-apto-conjunto-rincon-del-caney-iid-1101025110,2020-1-9 
alquiloapto2020192142,https://www.olx.com.co/item/alquilo-apt-o-iid-1101025011,2020-1-9 
disponibleaptoamobladogranadanortecali2020192142,https://www.olx.com.co/item/disponible-apto-amoblado-granada-norte-cali-iid-1101024992,2020-1-9 
alquilamosapartamentoenelvalledelliliciudadmelendezcrzafiro2020192142,https://www.olx.com.co/item/alquilamos-apartamento-en-el-valle-del-lili-ciudad-melendez-cr-zafiro-iid-1101024759,2020-1-9 
barloventoconadminincluida!!!2020192142,https://www.olx.com.co/item/barlovento-con-admin-incluida-iid-1101023328,2020-1-9 
aptopisoenprimerodemayocercapasoancho2020192142,https://www.olx.com.co/item/apto-piso-5-en-primero-de-mayo-cerca-pasoancho-iid-1101023259,2020-1-9 
sealquilaapartamentoen2020192142,https://www.olx.com.co/item/se-alquila-apartamento-en-iid-1101022454,2020-1-9 
sealquilahermosoapartamentoenelbarriosantafe2020192142,https://www.olx.com.co/item/se-alquila-hermoso-apartamento-en-el-barrio-santa-fe-iid-1101021633,2020-1-9 
apartamentoensiloe(recienremodelado)2020192142,https://www.olx.com.co/item/apartamento-en-siloe-recien-remodelado--iid-1101021576,2020-1-9 
apartaestudioenarrendamientoelrefugiowasi20201112142,https://www.olx.com.co/item/aparta-estudio-en-arrendamiento-el-refugio-wasi-1821582-iid-1100817453,2020-1-11
alquilamosmodernoapartamentoenelbarboleda20201102142,https://www.olx.com.co/item/alquilamos-moderno-apartamento-en-el-b-arboleda-iid-1061832441,2020-1-10
arriendoalquiloapartamentoamobladocaliexcelentezonanortechipichapefloraalamos20201122142,https://www.olx.com.co/item/arriendo-alquilo-apartamento-amoblado-cali-excelente-zona-norte-chipichape-flora-alamos-iid-1067875547,2020-1-12
arriendoapartamentoalfonsobarberena20201112142,https://www.olx.com.co/item/arriendo-apartamento-alfonso-barberena-iid-1100232816,2020-1-11
casaampliaerpisoenarriendo2020192142,https://www.olx.com.co/item/casa-amplia-1er-piso-en-arriendo-iid-1101020231,2020-1-9 
apartaestudiotodoincluidoambientestotalmenteindependiente2020192142,https://www.olx.com.co/item/apartaestudio-todo-incluido-2-ambientes-totalmente-independiente-iid-1101018999,2020-1-9 
sealquilanapartaestudios2020192142,https://www.olx.com.co/item/se-alquilan-apartaestudios-iid-997522389,2020-1-9 
apartamentoencondominio2020192142,https://www.olx.com.co/item/apartamento-en-condominio-iid-1101016999,2020-1-9 
arriendocasa(doyerpiso)ciudadcÓrdoba2020192142,https://www.olx.com.co/item/arriendo-casa-2do-y-3er-piso-ciudad-cordoba-iid-1101015054,2020-1-9 
sealquilatercerpisoenelbarriolasamÉricas2020192142,https://www.olx.com.co/item/se-alquila-tercer-piso-en-el-barrio-las-americas-iid-1053629377,2020-1-9 
alquilohabitacionhombresolobarriomunicipal2020192142,https://www.olx.com.co/item/alquilo-habitacion-hombre-solo-barrio-municipal-iid-1101012488,2020-1-9 
apartamentoaltosdesantaelena2020192142,https://www.olx.com.co/item/apartamento-altos-de-santa-elena-iid-1101010672,2020-1-9 
alquiloapartamento2020192142,https://www.olx.com.co/item/alquilo-apartamento-iid-1101010549,2020-1-9 
alquiloapartaestudiosinamoblar2020192142,https://www.olx.com.co/item/alquilo-apartaestudio-sin-amoblar-iid-1101010007,2020-1-9 
apartamentourcaminoreallletapa2020192142,https://www.olx.com.co/item/apartamento-ur-camino-real-ll-etapa-iid-1101009809,2020-1-9 
alquilerdehabitacionparamujeraguacatal2020192142,https://www.olx.com.co/item/alquiler-de-habitacion-para-mujer-aguacatal-iid-1101008871,2020-1-9 
apartastudiounambientebarriodepartamental2020192142,https://www.olx.com.co/item/apartastudio-un-ambiente-barrio-departamental-iid-1101008739,2020-1-9 
arrendamientosurdecalibarriodepartamentalestrato2020192142,https://www.olx.com.co/item/arrendamiento-sur-de-cali-barrio-departamental-estrato-4-iid-1101008559,2020-1-9 
searriendaapartamentogratamirah2020192142,https://www.olx.com.co/item/se-arrienda-apartamento-gratamira-h-iid-1101007099,2020-1-9 
apartamentoenarriendoencalinapolescodabsum2020192142,https://www.olx.com.co/item/apartamento-en-arriendo-en-cali-napoles-cod-absum461468-iid-1101007074,2020-1-9 
edificioenarriendoencalicentrocodabbnc20201102142,https://www.olx.com.co/item/edificio-en-arriendo-en-cali-centro-cod-abbnc-77951-iid-1066738001,2020-1-10
apartamentoenarriendoencalisantateresitacodabgar20201122142,https://www.olx.com.co/item/apartamento-en-arriendo-en-cali-santa-teresita-cod-abgar1105-iid-1064384702,2020-1-12
edificioenarriendoencalilaflorestacodabjmi20201112142,https://www.olx.com.co/item/edificio-en-arriendo-en-cali-la-floresta-cod-abjmi8631-iid-1066296567,2020-1-11
casalocalenarriendoencaliporvenircodabjmi20201122142,https://www.olx.com.co/item/casa-local-en-arriendo-en-cali-porvenir-cod-abjmi5729-iid-1100654334,2020-1-12
apartamentoenarriendoencalicentenariocodababc2020192142,https://www.olx.com.co/item/apartamento-en-arriendo-en-cali-centenario-cod-ababc4905-iid-1047665254,2020-1-9 
casaenarriendoencaliciudadcordobacodababc2020192142,https://www.olx.com.co/item/casa-en-arriendo-en-cali-ciudad-cordoba-cod-ababc5221-iid-1063986302,2020-1-9 
apartamentoenarriendoencalisectorcaniaveralejoguadalupecodaba2020192142,https://www.olx.com.co/item/apartamento-en-arriendo-en-cali-sector-canaveralejo-guadalupe-cod-aba-iid-1060819080,2020-1-9 
casaenarriendoencalisanfernandocodabmtb2020192142,https://www.olx.com.co/item/casa-en-arriendo-en-cali-san-fernando-cod-abmtb2448-iid-1056897423,2020-1-9 
apartamentoenarriendoencaligratamiracodabmtb2020192142,https://www.olx.com.co/item/apartamento-en-arriendo-en-cali-gratamira-cod-abmtb2039-iid-1101006970,2020-1-9 
casaenarriendoencaligranlimonarcodabmtb2020192142,https://www.olx.com.co/item/casa-en-arriendo-en-cali-gran-limonar-cod-abmtb2150-iid-1056899343,2020-1-9 
apartamentoenarriendoencalilaindependenciacodabmtb2020192142,https://www.olx.com.co/item/apartamento-en-arriendo-en-cali-la-independencia-cod-abmtb2225-iid-1056896572,2020-1-9 
apartamentoenarriendoencaliprimerodemayocodabmtb2020192142,https://www.olx.com.co/item/apartamento-en-arriendo-en-cali-primero-de-mayo-cod-abmtb2376-iid-1101006954,2020-1-9 
casaalquilercalisanantoniowasi2020192142,https://www.olx.com.co/item/casa-alquiler-cali-san-antonio-wasi-1859773-iid-1101006903,2020-1-9 
apartaestudioenarriendoventaencalielingeniocodabcmp2020192142,https://www.olx.com.co/item/apartaestudio-en-arriendoventa-en-cali-el-ingenio-cod-abcmp1108-iid-1055106199,2020-1-9 
apartamentoenarriendoencalielpenioncodabcmp2020192142,https://www.olx.com.co/item/apartamento-en-arriendo-en-cali-el-penon-cod-abcmp1112-iid-1055208390,2020-1-9 
apartamentoenarriendoenjamundielcastillocodabcmp2020192142,https://www.olx.com.co/item/apartamento-en-arriendo-en-jamundi-el-castillo-cod-abcmp800-iid-1052570910,2020-1-9 
edificioenarriendoencaliurbanizaciontequendamacodabcmp2020192142,https://www.olx.com.co/item/edificio-en-arriendo-en-cali-urbanizacion-tequendama-cod-abcmp1455-iid-1064853896,2020-1-9 
apartamentoenalquilercalisurvalledelliliwasi2020192142,https://www.olx.com.co/item/apartamento-en-alquiler-cali-sur-valle-del-lili-wasi-1850675-iid-1101006713,2020-1-9 
casaenarriendoencaliatanasiogirardotcodabgar2020192142,https://www.olx.com.co/item/casa-en-arriendo-en-cali-atanasio-girardot-cod-abgar1057-iid-1101005841,2020-1-9 
amplioapartamentosantamonica2020192142,https://www.olx.com.co/item/96188-amplio-apartamento-santa-monica-iid-1101005819,2020-1-9 
alquilerviviendauoficinaelcedrosurdecali20201122142,https://www.olx.com.co/item/alquiler-vivienda-u-oficina-el-cedro-sur-de-cali-iid-1043846405,2020-1-12
apartamentoenarriendoencalivalledellilicodabbnc20201132142,https://www.olx.com.co/item/apartamento-en-arriendo-en-cali-valle-del-lili-cod-abbnc-72051-iid-1100285037,2020-1-13
casaenarriendoencalisantamonicaresidencialcodabjmi20201122142,https://www.olx.com.co/item/casa-en-arriendo-en-cali-santa-monica-residencial-cod-abjmi7666-iid-1055758696,2020-1-12
casalocalenarriendoencaliurbanizacionsanjoaquincodabeha20201112142,https://www.olx.com.co/item/casa-local-en-arriendo-en-cali-urbanizacion-san-joaquin-cod-abeha798-iid-1055860123,2020-1-11
apartaestudioenarriendoencalibuenomadridcodabayc2020192142,https://www.olx.com.co/item/apartaestudio-en-arriendo-en-cali-bueno-madrid-cod-abayc555560-iid-1101005755,2020-1-9 
apartamentoenarriendoencalicalipsocodabayc2020192142,https://www.olx.com.co/item/apartamento-en-arriendo-en-cali-calipso-cod-abayc853-iid-1064477662,2020-1-9 
apartamentoenarriendoencalibochalemacodabayc2020192142,https://www.olx.com.co/item/apartamento-en-arriendo-en-cali-bochalema-cod-abayc3110-iid-1056612847,2020-1-9 
arriendodeapartamentoenciudadcordobaorienteestecali2020192142,https://www.olx.com.co/item/arriendo-de-apartamento-en-ciudad-cordoba-orienteeste-cali-76-608-iid-1101005748,2020-1-9 
apartamentoenarriendoencalipancecodabjmi2020192142,https://www.olx.com.co/item/apartamento-en-arriendo-en-cali-pance-cod-abjmi7668-iid-1055759205,2020-1-9 
casaenarriendoencaliurbanizaciontequendamacodabjmi2020192142,https://www.olx.com.co/item/casa-en-arriendo-en-cali-urbanizacion-tequendama-cod-abjmi8589-iid-1064933524,2020-1-9 
apartamentoenarriendoencalinormandiacodabjmi2020192142,https://www.olx.com.co/item/apartamento-en-arriendo-en-cali-normandia-cod-abjmi8575-iid-1064477268,2020-1-9 
apartamentoenarriendoencalilaarboledacodabjmi2020192142,https://www.olx.com.co/item/apartamento-en-arriendo-en-cali-la-arboleda-cod-abjmi8558-iid-1063798695,2020-1-9 
apartamentoenarriendoencalibochalemacodabjmi2020192142,https://www.olx.com.co/item/apartamento-en-arriendo-en-cali-bochalema-cod-abjmi7681-iid-1061956716,2020-1-9 
apartamentoenarriendoencalilahaciendacodabuni2020192142,https://www.olx.com.co/item/apartamento-en-arriendo-en-cali-la-hacienda-cod-abuni9142-iid-1101005694,2020-1-9 
apartamentoenarriendoencalivalledellilicodabuni2020192142,https://www.olx.com.co/item/apartamento-en-arriendo-en-cali-valle-del-lili-cod-abuni7537-iid-1101005693,2020-1-9 
apartamentoenarriendoventaencalipradosdelnortecodabuni2020192142,https://www.olx.com.co/item/apartamento-en-arriendoventa-en-cali-prados-del-norte-cod-abuni9195-iid-1101005687,2020-1-9 
apartamentoenarriendoencalilasdeliciascodabuni2020192142,https://www.olx.com.co/item/apartamento-en-arriendo-en-cali-las-delicias-cod-abuni10113-iid-1101005682,2020-1-9 
casaenarriendoencalilasvegasdeconfandicodabbnc2020192142,https://www.olx.com.co/item/casa-en-arriendo-en-cali-las-vegas-de-confandi-cod-abbnc-80967-iid-1101005661,2020-1-9 
apartamentoenarriendoencalivalledellilicodabbnc2020192142,https://www.olx.com.co/item/apartamento-en-arriendo-en-cali-valle-del-lili-cod-abbnc-70383-iid-1101005660,2020-1-9 
apartamentoenarriendoencaliurbanizacionlafloracodabbnc2020192142,https://www.olx.com.co/item/apartamento-en-arriendo-en-cali-urbanizacion-la-flora-cod-abbnc-8508-iid-1101005656,2020-1-9 
apartamentoenarriendoencalielingenioiiicodabjmi2020182142,https://www.olx.com.co/item/apartamento-en-arriendo-en-cali-el-ingenio-iii-cod-abjmi7489-iid-1100981667,2020-1-8 
apartaestudioenarriendoencalinuevatequendamacodabsum20201112142,https://www.olx.com.co/item/apartaestudio-en-arriendo-en-cali-nueva-tequendama-cod-absum461373-iid-1100818365,2020-1-11
apartaestudiogranadaoestecali20201122142,https://www.olx.com.co/item/aparta-estudio-granada-oeste-cali-iid-1100021049,2020-1-12
apartamentoenarriendoencalimulticentrocodabeha20201132142,https://www.olx.com.co/item/apartamento-en-arriendo-en-cali-multicentro-cod-abeha921-iid-1067391340,2020-1-13
apartamentoenarriendoencaliciudadpacificacodabbnc2020192142,https://www.olx.com.co/item/apartamento-en-arriendo-en-cali-ciudad-pacifica-cod-abbnc-90727-iid-1101005645,2020-1-9 
apartamentoenarriendoencaliurbanizacionlafloracodabbnc2020192142,https://www.olx.com.co/item/apartamento-en-arriendo-en-cali-urbanizacion-la-flora-cod-abbnc-78147-iid-1101005627,2020-1-9 
apartamentoenarriendoventaencalimulticentrocodabkwc2020192142,https://www.olx.com.co/item/apartamento-en-arriendoventa-en-cali-multicentro-cod-abkwc-10404290-iid-1064071265,2020-1-9 
apartamentoenarriendoencalielingeniocodabkwc2020192142,https://www.olx.com.co/item/apartamento-en-arriendo-en-cali-el-ingenio-cod-abkwc-9481-iid-1064935553,2020-1-9 
casaenarriendoencalielingeniocodabkwc2020192142,https://www.olx.com.co/item/casa-en-arriendo-en-cali-el-ingenio-cod-abkwc-6-iid-1064563033,2020-1-9 
apartamentoenarriendoencalisantateresitacodabkwc2020192142,https://www.olx.com.co/item/apartamento-en-arriendo-en-cali-santa-teresita-cod-abkwc-10404246-iid-1063803722,2020-1-9 
casaenarriendoencalielingeniocodabkwc2020192142,https://www.olx.com.co/item/casa-en-arriendo-en-cali-el-ingenio-cod-abkwc-7895446-iid-1063804599,2020-1-9 
apartamentoenarriendoencalisantaritacodabkwc2020192142,https://www.olx.com.co/item/apartamento-en-arriendo-en-cali-santa-rita-cod-abkwc-10403206-iid-1052106853,2020-1-9 
arriendohabitacioamobladabarrioellido2020192142,https://www.olx.com.co/item/arriendo-habitacio-amoblada-barrio-el-lido-iid-1101005534,2020-1-9 
apartamentoenarriendoencalisantateresitacodabjmi2020192142,https://www.olx.com.co/item/apartamento-en-arriendo-en-cali-santa-teresita-cod-abjmi8517-iid-1061956676,2020-1-9 
apartamentoenarriendoencalisantateresitacodabjmi2020192142,https://www.olx.com.co/item/apartamento-en-arriendo-en-cali-santa-teresita-cod-abjmi8357-iid-1062053022,2020-1-9 
apartamentoenarriendoencalisanjudascodabsum2020192142,https://www.olx.com.co/item/apartamento-en-arriendo-en-cali-san-judas-cod-absum461201-iid-1064573614,2020-1-9 
apartamentoenarriendoencalisamanesdeguadalupecodabsum2020192142,https://www.olx.com.co/item/apartamento-en-arriendo-en-cali-samanes-de-guadalupe-cod-absum461189-iid-1064573270,2020-1-9 
habitacionparapersonasolaincluyeservicios2020192142,https://www.olx.com.co/item/habitacion-para-persona-sola-incluye-servicios-iid-1101005014,2020-1-9 
arriendoapartaestudioamobladocapri2020182142,https://www.olx.com.co/item/arriendo-apartaestudio-amoblado-capri-iid-1101004830,2020-1-8 
alquiloapartaestudionortecalicrac#asalomia2020182142,https://www.olx.com.co/item/alquilo-aparta-estudio-norte-cali-cra-2c-46a-40-salomia-iid-1101003349,2020-1-8 
apartamentoenalquilercalipradosdelnortewasi20201122142,https://www.olx.com.co/item/apartamento-en-alquiler-cali-prados-del-norte-wasi-1615001-iid-1065742083,2020-1-12
apartaestudioenalquilercalisurmirafloreswasi20201122142,https://www.olx.com.co/item/apartaestudio-en-alquiler-cali-sur-miraflores-wasi-1747011-iid-1100479720,2020-1-12
apartamentoenarriendoencalialamedacodabsum20201122142,https://www.olx.com.co/item/apartamento-en-arriendo-en-cali-alameda-cod-absum461435-iid-1100507136,2020-1-12
alquiloapartamentoellimonar20201122142,https://www.olx.com.co/item/alquilo-apartamento-el-limonar-iid-1100523028,2020-1-12
alquilerfincalabuitreracaliveredaelrosarioparacriaderodepollosycultivos2020182142,https://www.olx.com.co/item/alquiler-finca-la-buitrera-cali-vereda-el-rosario-para-criadero-de-pollos-y-cultivos-iid-1101002478,2020-1-8 
aptencaliexelenteubicacion2020182142,https://www.olx.com.co/item/apt-en-cali-exelente-ubicacion-iid-1101002401,2020-1-8 
arriendoapartamento2020182142,https://www.olx.com.co/item/arriendo-apartamento-iid-1101002182,2020-1-8 
aptopisomil2020182142,https://www.olx.com.co/item/apto-4-piso-600mil-iid-1101001231,2020-1-8 
sealquilaapartaestudio2020182142,https://www.olx.com.co/item/se-alquila-apartaestudio-iid-1101000836,2020-1-8 
aptoerpisoenarriendo2020182142,https://www.olx.com.co/item/apto-1er-piso-en-arriendo-iid-1101000763,2020-1-8 
habitaciongranadanortecali2020182142,https://www.olx.com.co/item/habitacion-granada-norte-cali-iid-1101000009,2020-1-8 
arriendohermosoapartamento2020182142,https://www.olx.com.co/item/arriendo-hermoso-apartamento-iid-1100999188,2020-1-8 
apartaestudiosoloambiente2020182142,https://www.olx.com.co/item/apartaestudio-1-solo-ambiente-iid-1100998498,2020-1-8 
segundopisoparaalquilarexcelenteubicacionciudaddecali2020182142,https://www.olx.com.co/item/segundo-piso-para-alquilar-excelente-ubicacion-ciudad-de-cali-iid-1100997775,2020-1-8 
sealquilahermosoapartamentoenelbarriolasamÉricas2020182142,https://www.olx.com.co/item/se-alquila-hermoso-apartamento-en-el-barrio-las-americas-iid-1061270873,2020-1-8 
fiadoresparaarriendo2020182142,https://www.olx.com.co/item/fiadores-para-arriendo-iid-1100997335,2020-1-8 
apartamentoenalquilerciudadcordoba2020182142,https://www.olx.com.co/item/apartamento-en-alquiler-ciudad-cordoba-iid-1100997320,2020-1-8 
casacaneyarriendoerpiso2020182142,https://www.olx.com.co/item/casa-caney-arriendo-1er-piso-iid-1100995815,2020-1-8 
localcaldas2020182142,https://www.olx.com.co/item/local-caldas-iid-1100995663,2020-1-8 
alquiloaptojamundizurcosdepangola2020182142,https://www.olx.com.co/item/alquilo-apto-jamundi-zurcos-de-pangola-iid-1064982117,2020-1-8 
alquiloapartaestudiosamobladosenelnortedecali20201122142,https://www.olx.com.co/item/alquilo-apartaestudios-amoblados-en-el-norte-de-cali-iid-1053408624,2020-1-12
apartamentoenarriendoencalibochalemacodabbnc20201102142,https://www.olx.com.co/item/apartamento-en-arriendo-en-cali-bochalema-cod-abbnc-86762-iid-1066740567,2020-1-10
apartamentoenarrendamientosectorcolseguroswasi20201112142,https://www.olx.com.co/item/apartamento-en-arrendamiento-sector-colseguros-wasi-1826457-iid-1100818276,2020-1-11
arrendamientoapartaestudiosanfernando20201122142,https://www.olx.com.co/item/arrendamiento-apartaestudio-san-fernando-iid-1066981014,2020-1-12
alquiloampliashabitaciones2020182142,https://www.olx.com.co/item/alquilo-amplias-habitaciones-iid-1100995011,2020-1-8 
apartamentoparaestrenar2020182142,https://www.olx.com.co/item/apartamento-para-estrenar-iid-1100994233,2020-1-8 
arriendohabitaciÓn2020182142,https://www.olx.com.co/item/arriendo-habitacion-iid-1100994106,2020-1-8 
alquilerapartamentoennapoles2020182142,https://www.olx.com.co/item/alquiler-apartamento-en-napoles-iid-1100994098,2020-1-8 
arriendoapartamentoaltonapolescali2020182142,https://www.olx.com.co/item/arriendo-apartamento-alto-napoles-cali-iid-1100993496,2020-1-8 
alquilerhabitacionmujersola2020182142,https://www.olx.com.co/item/alquiler-habitacion-mujer-sola-iid-1100992965,2020-1-8 
sealquilaprimerpisoenelbarrioelcaneycraa#2020182142,https://www.olx.com.co/item/se-alquila-primer-piso-en-el-barrio-el-caney-cra-85-a-45-35-iid-1100991164,2020-1-8 
apartamentoarriendonormandia2020182142,https://www.olx.com.co/item/apartamento-arriendo-normandia-iid-1100991136,2020-1-8 
searrendahermosoapartamentoyseguroenpinaresdelcaneycali2020182142,https://www.olx.com.co/item/se-arrenda-hermoso-apartamento-y-seguro-en-pinares-del-caney-cali-iid-1100991048,2020-1-8 
alquiloapartastudio2020182142,https://www.olx.com.co/item/alquilo-aparta-studio-iid-1100989940,2020-1-8 
alquiloapartamento2020182142,https://www.olx.com.co/item/alquilo-apartamento-iid-1100989305,2020-1-8 
disponiblealquileraptoamobladosurcali2020182142,https://www.olx.com.co/item/disponible-alquiler-apto-amoblado-sur-cali-iid-1100988834,2020-1-8 
apartaestudiosenellidoserviciosincluidos2020182142,https://www.olx.com.co/item/aparta-estudios-en-el-lido-servicios-incluidos-iid-1100988762,2020-1-8 
alquileraptoapartamentoenelcentrodecaliopcamueblado2020182142,https://www.olx.com.co/item/alquiler-apto-apartamento-en-el-centro-de-cali-opc-amueblado-iid-1100988728,2020-1-8 
sealquila2020182142,https://www.olx.com.co/item/se-alquila-iid-1100985287,2020-1-8 
sealquilaampliacasaenulpianolloreda2020182142,https://www.olx.com.co/item/se-alquila-amplia-casa-en-ulpiano-lloreda-iid-1100984902,2020-1-8 
apartaestudioenarriendoencalisanfernandocodabeha20201122142,https://www.olx.com.co/item/apartaestudio-en-arriendo-en-cali-san-fernando-cod-abeha929-iid-1100479806,2020-1-12
casaensalomia20201112142,https://www.olx.com.co/item/casa-en-salomia-iid-1100238478,2020-1-11
arriendodeapartamentoenelingeniosurcali20201112142,https://www.olx.com.co/item/arriendo-de-apartamento-en-el-ingenio-sur-cali-76-714-iid-1100733737,2020-1-11
apartaestudioenalquilercalisurcolseguroswasi20201122142,https://www.olx.com.co/item/apartaestudio-en-alquiler-cali-sur-colseguros-wasi-1338618-iid-1064564885,2020-1-12
arriendoapartamento2020182142,https://www.olx.com.co/item/arriendo-apartamento-iid-1100984537,2020-1-8 
casaenarriendoencalitempletecodabame2020182142,https://www.olx.com.co/item/casa-en-arriendo-en-cali-templete-cod-abame804-iid-1100983366,2020-1-8 
casalocalenarriendoencaligranadacodabame2020182142,https://www.olx.com.co/item/casa-local-en-arriendo-en-cali-granada-cod-abame730-iid-1100983363,2020-1-8 
alquilocasaremodelada2020182142,https://www.olx.com.co/item/alquilo-casa-remodelada-iid-1100983069,2020-1-8 
alquilerhabitacionlimonar2020182142,https://www.olx.com.co/item/alquiler-habitacion-limonar-iid-1100982529,2020-1-8 
apartamentoenarriendoencalicaneycodabsum2020182142,https://www.olx.com.co/item/apartamento-en-arriendo-en-cali-caney-cod-absum460448-iid-1100982399,2020-1-8 
apartamentoenarriendoencaliellimonarcodabsum2020182142,https://www.olx.com.co/item/apartamento-en-arriendo-en-cali-el-limonar-cod-absum460946-iid-1100982398,2020-1-8 
apartamentoenarriendoencalisantaelenacodabmtb2020182142,https://www.olx.com.co/item/apartamento-en-arriendo-en-cali-santa-elena-cod-abmtb2114-iid-1100982378,2020-1-8 
apartamentoenarriendoencalicapricodabvlz2020182142,https://www.olx.com.co/item/apartamento-en-arriendo-en-cali-capri-cod-abvlz-1256-iid-1100982349,2020-1-8 
apartamentoenarriendoencalicuartodeleguaguadalupecodabcmp2020182142,https://www.olx.com.co/item/apartamento-en-arriendo-en-cali-cuarto-de-legua-guadalupe-cod-abcmp-iid-1100982340,2020-1-8 
apartamentoenarriendoencalimayapanlasvegascodabcmp2020182142,https://www.olx.com.co/item/apartamento-en-arriendo-en-cali-mayapan-las-vegas-cod-abcmp1611-iid-1100982336,2020-1-8 
apartaestudioenarriendoencaliellimonarcodabpro2020182142,https://www.olx.com.co/item/apartaestudio-en-arriendo-en-cali-el-limonar-cod-abpro2291-iid-1100981749,2020-1-8 
casaenarriendoencalibuenomadridcodabayc2020182142,https://www.olx.com.co/item/casa-en-arriendo-en-cali-bueno-madrid-cod-abayc444-iid-1100981712,2020-1-8 
apartamentoenarriendoencalinuevaflorestacodabayc2020182142,https://www.olx.com.co/item/apartamento-en-arriendo-en-cali-nueva-floresta-cod-abayc336-iid-1100981711,2020-1-8 
apartamentoenarriendoencalibretaniacodabayc2020182142,https://www.olx.com.co/item/apartamento-en-arriendo-en-cali-bretana-cod-abayc568-iid-1100981710,2020-1-8 
apartamentoenarriendoencalipradosdelnortecodabuni2020182142,https://www.olx.com.co/item/apartamento-en-arriendo-en-cali-prados-del-norte-cod-abuni7551-iid-1100981632,2020-1-8 
casaenarriendoencaliprimerodemayocodabgar20201132142,https://www.olx.com.co/item/casa-en-arriendo-en-cali-primero-de-mayo-cod-abgar170-iid-1100911438,2020-1-13
casaenarrendamiento20201122142,https://www.olx.com.co/item/casa-en-arrendamiento-iid-1047937586,2020-1-12
apartamentoenarriendoencalipampalindacodabbnc20201102142,https://www.olx.com.co/item/apartamento-en-arriendo-en-cali-pampalinda-cod-abbnc-75849-iid-1066739302,2020-1-10
arriendodeapartamentoensantaanitasurcali20201122142,https://www.olx.com.co/item/arriendo-de-apartamento-en-santa-anita-sur-cali-788-580-iid-1066607195,2020-1-12
apartamentoenarriendoencaliciudadbochalemacodabuni2020182142,https://www.olx.com.co/item/apartamento-en-arriendo-en-cali-ciudad-bochalema-cod-abuni10112-iid-1100981629,2020-1-8 
apartamentoenarriendoencalisalomiacodabbnc2020182142,https://www.olx.com.co/item/apartamento-en-arriendo-en-cali-salomia-cod-abbnc-8414-iid-1100981619,2020-1-8 
arriendoerpisobarriolaunion2020172142,https://www.olx.com.co/item/arriendo-3er-piso-barrio-la-union-iid-1100980254,2020-1-7 
searriendaapartaestudioamoblado2020172142,https://www.olx.com.co/item/se-arrienda-apartaestudio-amoblado-iid-1100980026,2020-1-7 
alquiloapartamentobarriosanluis2020172142,https://www.olx.com.co/item/alquilo-apartamento-barrio-san-luis-iid-1100979431,2020-1-7 
oesteloscristalessearriendaespectacularapartamentorecienremodeladoparaestrenar2020172142,https://www.olx.com.co/item/oeste-los-cristales-se-arrienda-espectacular-apartamento-recien-remodelado-para-estrenar-iid-1100979029,2020-1-7 
apartamentocomodoconacabados2020172142,https://www.olx.com.co/item/apartamento-comodo-con-acabados-iid-1100978410,2020-1-7 
apartament2020172142,https://www.olx.com.co/item/apartament-iid-1100977401,2020-1-7 
alquiloapartaestudio2020172142,https://www.olx.com.co/item/alquilo-aparta-estudio-iid-1100976643,2020-1-7 
excelenteapartamento2020172142,https://www.olx.com.co/item/excelente-apartamento-iid-1100974391,2020-1-7 
pampalindaaptohabitaciones2020172142,https://www.olx.com.co/item/pampalinda-apto-2-habitaciones-iid-1100974382,2020-1-7 
searrendaapartamentoenpiso(ciudadcordoba)2020172142,https://www.olx.com.co/item/se-arrenda-apartamento-en-2-piso-ciudad-cordoba-iid-1100973466,2020-1-7 
aptoenalquiler2020172142,https://www.olx.com.co/item/apto-en-alquiler-iid-1100972189,2020-1-7 
arrendoapartaestudiosanbosco2020172142,https://www.olx.com.co/item/arrendo-apartaestudio-san-bosco-iid-1064917069,2020-1-7 
alquilohabitacionbarriociudadcordobapersonasola2020172142,https://www.olx.com.co/item/alquilo-habitacion-barrio-ciudad-cordoba-persona-sola-iid-1100971200,2020-1-7 
searriendaapartamentobarrioguabal2020172142,https://www.olx.com.co/item/se-arrienda-apartamento-barrio-guabal-iid-1100971085,2020-1-7 
casaenarriendoencalicuartodeleguaguadalupecodabvlz20201122142,https://www.olx.com.co/item/casa-en-arriendo-en-cali-cuarto-de-legua-guadalupe-cod-abvlz-2187-iid-1065804530,2020-1-12
alquilolindoapartamentocerroscristalesoestedecali20201112142,https://www.olx.com.co/item/alquilo-lindo-apartamento-cerros-cristales-oeste-decali-iid-1065792409,2020-1-11
alquilerapartaestudioguayaquil20201122142,https://www.olx.com.co/item/2541-alquiler-apartaestudio-guayaquil-iid-1100667754,2020-1-12
alquiloapartamentoenciudadjardincali20201102142,https://www.olx.com.co/item/alquilo-apartamento-en-ciudad-jardin-cali-iid-1063995550,2020-1-10
sealquilabodegaconcuartofrioocabafriaconcapacidad:m(metroscubicos)largo:mtsalto:mtsan2020172142,https://www.olx.com.co/item/se-alquila-bodega-con-cuarto-frio-o-caba-fria-con-capacidad-460m3-metros-cubicos-largo-1138mts-alto-431mts-an-iid-1100970610,2020-1-7 
arriendohabitacionamobladaentercerpiso2020172142,https://www.olx.com.co/item/arriendo-habitacion-amoblada-en-tercer-piso-iid-1100970586,2020-1-7 
apartaestudioenalquiler2020172142,https://www.olx.com.co/item/aparta-estudio-en-alquiler-iid-1100970531,2020-1-7 
compartoapartamento2020172142,https://www.olx.com.co/item/comparto-apartamento-iid-1100969203,2020-1-7 
alquiloaptstudio2020172142,https://www.olx.com.co/item/alquilo-aptstudio-iid-1100968854,2020-1-7 
alquilolocalzonanorte2020172142,https://www.olx.com.co/item/alquilo-local-zona-norte-iid-1100968755,2020-1-7 
alquilerapartaestudioensanfernnadocali2020172142,https://www.olx.com.co/item/alquiler-apartaestudio-en-san-fernnado-cali-iid-1100965974,2020-1-7 
arriendoaptoentorresdecomfandit2020172142,https://www.olx.com.co/item/arriendo-apto-en-torres-de-comfandi-t-iid-1100965922,2020-1-7 
rentoaptograndepiso2020172142,https://www.olx.com.co/item/rento-apto-grande-2-piso-iid-1100965772,2020-1-7 
arriendoaptojamundi2020172142,https://www.olx.com.co/item/arriendo-apto-jamundi-iid-1053839952,2020-1-7 
alquiloapartamentoenpiso2020172142,https://www.olx.com.co/item/alquilo-apartamento-en-5-piso-iid-1100964350,2020-1-7 
arriendohabitacionamobladaparapersonasolabvilladellagocali2020172142,https://www.olx.com.co/item/arriendo-habitacion-amoblada-para-persona-sola-bvilla-del-lago-cali-iid-1100961104,2020-1-7 
sealquilahabitacionamujersola2020172142,https://www.olx.com.co/item/se-alquila-habitacion-a-mujer-sola-iid-1100960567,2020-1-7 
sealquilapieza2020172142,https://www.olx.com.co/item/se-alquila-pieza-iid-1100960091,2020-1-7 
fiadoreslegales2020172142,https://www.olx.com.co/item/fiadores-legales-iid-1100959731,2020-1-7 
habitacionsurcali2020162142,https://www.olx.com.co/item/habitacion-sur-cali-iid-1100957122,2020-1-6 
apartaestudioenarriendoencaliciudadjardincodabbnc20201102142,https://www.olx.com.co/item/apartaestudio-en-arriendo-en-cali-ciudad-jardin-cod-abbnc-88991-iid-1066741162,2020-1-10
apartamentoenarriendoencalipradosdellimonarcodabbnc20201102142,https://www.olx.com.co/item/apartamento-en-arriendo-en-cali-prados-del-limonar-cod-abbnc-88700-iid-1066741047,2020-1-10
apartamentoenarriendoencalicapricodabbnc20201132142,https://www.olx.com.co/item/apartamento-en-arriendo-en-cali-capri-cod-abbnc-89880-iid-1067311321,2020-1-13
arriendodeapartamentoenelingeniosurcali20201122142,https://www.olx.com.co/item/arriendo-de-apartamento-en-el-ingenio-sur-cali-76-581-iid-1063434254,2020-1-12
alquilerhabitacionbarriocaney20201132142,https://www.olx.com.co/item/alquiler-habitacion-barrio-caney-iid-1100956818,2020-1-13
alquilerhabitacionamobladaosinamoblaralnortedecalibarriolamerced20201132142,https://www.olx.com.co/item/alquiler-habitacion-amoblada-o-sin-amoblar-al-norte-de-cali-barrio-la-merced-iid-1100955693,2020-1-13
apartamentopanamericano20201132142,https://www.olx.com.co/item/apartamento-panamericano-iid-1100954985,2020-1-13
sealquila20201132142,https://www.olx.com.co/item/se-alquila-iid-1100954813,2020-1-13
searriendacasa20201132142,https://www.olx.com.co/item/se-arrienda-casa-iid-1100953841,2020-1-13
rentohabitacion20201132142,https://www.olx.com.co/item/rento-habitacion-iid-1100953472,2020-1-13
alquiloapartamentoprimerpiso20201132142,https://www.olx.com.co/item/alquilo-apartamento-primer-piso-iid-1100953402,2020-1-13
apartaestudiodisponibledespuesdeldeenerode20201132142,https://www.olx.com.co/item/aparta-estudio-disponible-despues-del-15-de-enero-de-2020-iid-1100953336,2020-1-13
alquilocasagrande20201132142,https://www.olx.com.co/item/alquilo-casa-grande-iid-1100953239,2020-1-13
hermosoapartamento20201132142,https://www.olx.com.co/item/hermoso-apartamento-iid-1100952617,2020-1-13
habitacionamplia20201132142,https://www.olx.com.co/item/habitacion-amplia-iid-1100952567,2020-1-13
arriendoapartaestudiosectorcristales20201132142,https://www.olx.com.co/item/arriendo-apartaestudio-sector-cristales-iid-1100952282,2020-1-13
alquilocasajamundipiso20201132142,https://www.olx.com.co/item/alquilo-casa-jamundi-1-piso-iid-1100952253,2020-1-13
habitacionporsanfernando20201132142,https://www.olx.com.co/item/habitacion-por-san-fernando-iid-1100951840,2020-1-13
alquilohermosoapartamentoenelbarriochiminangos20201132142,https://www.olx.com.co/item/alquilo-hermoso-apartamento-en-el-barrio-chiminangos-iid-1100951642,2020-1-13
vendohermosoapartamentomuybienubicadositiomuyagradableparaviviraloestedecali20201132142,https://www.olx.com.co/item/vendo-hermoso-apartamento-muy-bien-ubicado-sitio-muy-agradable-para-vivir-al-oeste-de-cali-iid-1100951407,2020-1-13
apartamentoamobladoenlahacienda20201112142,https://www.olx.com.co/item/apartamento-amoblado-enla-hacienda-iid-1061871632,2020-1-11
casaenarriendoventaencalisanvicentecodabcmp20201112142,https://www.olx.com.co/item/casa-en-arriendoventa-en-cali-san-vicente-cod-abcmp1106-iid-1100201988,2020-1-11
casaenarriendoencalipradosdelnortecodabbnc20201102142,https://www.olx.com.co/item/casa-en-arriendo-en-cali-prados-del-norte-cod-abbnc-89537-iid-1066739853,2020-1-10
alquilerapartamentobochalemasurdecali20201122142,https://www.olx.com.co/item/alquiler-apartamento-bochalema-sur-de-cali-iid-1064622958,2020-1-12
alquilohabitaciÓnapersonasola20201132142,https://www.olx.com.co/item/alquilo-habitacion-a-persona-sola-iid-1100948394,2020-1-13
alquilocomodoapartamentoenpinares20201132142,https://www.olx.com.co/item/alquilo-comodo-apartamento-en-pinares-iid-1100947867,2020-1-13
habitacionparadamasola20201132142,https://www.olx.com.co/item/habitacion-para-dama-sola-iid-1064543655,2020-1-13
alquiloapartamentopisociudadcordoba20201132142,https://www.olx.com.co/item/alquilo-apartamento-3-piso-ciudad-cordoba-iid-1100947505,2020-1-13
arriendohabitaciÓnparahombrequeestudieotrabaje20201132142,https://www.olx.com.co/item/arriendo-habitacion-para-hombre-que-estudie-o-trabaje-iid-1100946220,2020-1-13
excelenteubicacionamplioapartamentomtcercaparqueingenio20201132142,https://www.olx.com.co/item/excelente-ubicacion-amplio-apartamento-140-mt-cerca-parque-ingenio-iid-1026221972,2020-1-13
alquilerdetallerparalaminaypintura20201132142,https://www.olx.com.co/item/alquiler-de-taller-para-lamina-y-pintura-iid-1100942852,2020-1-13
alquilohabitacionamoblada20201132142,https://www.olx.com.co/item/alquilo-habitacion-amoblada-iid-1064818762,2020-1-13
alquiloapartamentoindependiente20201132142,https://www.olx.com.co/item/alquilo-apartamento-independiente-iid-1100942640,2020-1-13
searriendaapartamentodopisobarriomanzanares20201132142,https://www.olx.com.co/item/se-arrienda-apartamento-2do-piso-barrio-manzanares-iid-1100942587,2020-1-13
aptoestudioricardobalcazar#wasi20201132142,https://www.olx.com.co/item/apto-estudio-ricardo-balcazar-141-wasi-1843336-iid-1100941647,2020-1-13
casaalquilerricardobalcazar#wasi20201132142,https://www.olx.com.co/item/casa-alquiler-ricardo-balcazar-139-wasi-1843160-iid-1100941644,2020-1-13
alquiloapartamentolindoambientefamiliartranquilo20201132142,https://www.olx.com.co/item/alquilo-apartamento-lindo-ambiente-familiar-tranquilo-iid-1100941194,2020-1-13
arriendohabitacionamobladaconbaÑoprivado20201132142,https://www.olx.com.co/item/arriendo-habitacion-amoblada-con-bano-privado-iid-1100940539,2020-1-13
apartamentoamobladotequendamacalisur20201132142,https://www.olx.com.co/item/apartamento-amoblado-tequendama-cali-sur-iid-1100939988,2020-1-13
arriendoapartamentoatalantapisoconascensormtremodeladoincluidaadministracion20201132142,https://www.olx.com.co/item/arriendo-apartamento-atalanta-4-piso-con-ascensor-91mt-remodelado-incluida-administracion-iid-1100938693,2020-1-13
apartamentoenarriendoencalilafloracodabpro20201132142,https://www.olx.com.co/item/apartamento-en-arriendo-en-cali-la-flora-cod-abpro2604-iid-1100424747,2020-1-13
apartamentoenarriendoenjamundijamundicodabjmi20201112142,https://www.olx.com.co/item/apartamento-en-arriendo-en-jamundi-jamundi-cod-abjmi8581-iid-1100191658,2020-1-11
edificioenarriendoencalitequendamacodabcll20201122142,https://www.olx.com.co/item/edificio-en-arriendo-en-cali-tequendama-cod-abcll334-iid-1065683058,2020-1-12
casaenalquiler20201122142,https://www.olx.com.co/item/2533-casa-en-alquiler-iid-1100667603,2020-1-12
alquiloapartamento20201132142,https://www.olx.com.co/item/alquilo-apartamento-iid-1100278479,2020-1-13
arriendohabitacion20201132142,https://www.olx.com.co/item/arriendo-habitacion-iid-1100938244,2020-1-13
searriendahabitacionamoblodaencasadefamilia20201132142,https://www.olx.com.co/item/se-arrienda-habitacion-amobloda-en-casa-de-familia-iid-1100937256,2020-1-13
casapisoserviciosincluidoshabitacionessurbarriolaesperanza20201132142,https://www.olx.com.co/item/casa-1-piso-servicios-incluidos-3-habitaciones-sur-barrio-la-esperanza-iid-1100936978,2020-1-13
arriendohabitacion20201132142,https://www.olx.com.co/item/arriendo-habitacion-iid-1100936442,2020-1-13
apartaestudioremodeladoespaciosdeserviciosindependientes20201132142,https://www.olx.com.co/item/apartaestudio-remodeladoespacios-de-servicios-independientes-iid-1100934967,2020-1-13
alquiloapartamentobarrioelrefugio20201132142,https://www.olx.com.co/item/alquilo-apartamento-barrio-el-refugio-iid-1100934287,2020-1-13
sealquilahabitaciondespuesdeldisponible20201132142,https://www.olx.com.co/item/se-alquila-habitacion-despues-del-15-disponible-iid-1100932587,2020-1-13
sealquilahabitacion20201132142,https://www.olx.com.co/item/se-alquila-habitacion-iid-1100932370,2020-1-13
habitacion20201132142,https://www.olx.com.co/item/habitacion-iid-1100931506,2020-1-13
apartamentoenarriendo20201132142,https://www.olx.com.co/item/apartamento-en-arriendo-iid-1100931335,2020-1-13
italoneira20201132142,https://www.olx.com.co/item/italo-neira-iid-1100929462,2020-1-13
casaenarriendoencaliellimonarcodabayc20201132142,https://www.olx.com.co/item/casa-en-arriendo-en-cali-el-limonar-cod-abayc2115-iid-1100928072,2020-1-13
apartamentoenarriendoencalinuevatequendamacodabuni20201132142,https://www.olx.com.co/item/apartamento-en-arriendo-en-cali-nueva-tequendama-cod-abuni6306-iid-1100928018,2020-1-13
casaenarriendoencaliellimonarcodabbnc20201132142,https://www.olx.com.co/item/casa-en-arriendo-en-cali-el-limonar-cod-abbnc-90707-iid-1100928004,2020-1-13
alquiloapartamentocentralbarriobenjaminherrera20201132142,https://www.olx.com.co/item/alquilo-apartamento-central-barrio-benjamin-herrera-iid-1100927539,2020-1-13
arriendodecasasenloscambulossurcali20201122142,https://www.olx.com.co/item/arriendo-de-casas-en-los-cambulos-sur-cali-76-585-iid-1063434978,2020-1-12
hermosoapartaestudioenelbarrioolimpico20201132142,https://www.olx.com.co/item/hermoso-apartaestudio-en-el-barrio-olimpico-788-448--iid-1100410546,2020-1-13
apartamentophenalquilerzonaoestecalibarrioloscristales20201122142,https://www.olx.com.co/item/apartamento-ph-en-alquiler-zona-oeste-cali-barrio-los-cristales-iid-1067791046,2020-1-12
apartamentoenarriendoencaliversallescodabcmp20201122142,https://www.olx.com.co/item/apartamento-en-arriendo-en-cali-versalles-cod-abcmp1436-iid-1063990959,2020-1-12
habitacion20201132142,https://www.olx.com.co/item/1habitacion-iid-1100927504,2020-1-13
alquiloapartamentocentralbarrioeltroncal20201132142,https://www.olx.com.co/item/alquilo-apartamento-central-barrio-el-troncal-iid-1100927159,2020-1-13
arriendoapartarstudio20201132142,https://www.olx.com.co/item/arriendo-apartarstudio-iid-1100926737,2020-1-13
alquiloapartaestudiozonanorte20201132142,https://www.olx.com.co/item/alquilo-apartaestudio-zona-norte-iid-1100923367,2020-1-13
arriendotercerpisociudadcordoba=peatonal20201132142,https://www.olx.com.co/item/arriendo-tercer-piso-ciudad-cordoba-600000-peatonal-iid-1100923010,2020-1-13
sealquilahabitacionpersonasola20201132142,https://www.olx.com.co/item/se-alquila-habitacion-persona-sola-iid-1100921613,2020-1-13
apartaestudiocalisalomiasenadelicias20201132142,https://www.olx.com.co/item/apartaestudio-cali-salomia-sena-delicias-iid-1059238080,2020-1-13
apartamentoindependientepisolascamelias20201132142,https://www.olx.com.co/item/apartamento-independiente-piso-3-las-camelias-iid-1100919079,2020-1-13
searriendaalcoba20201132142,https://www.olx.com.co/item/se-arrienda-alcoba-iid-1100918032,2020-1-13
searriendaapartaestudioenelbarrioantonionarinio20201132142,https://www.olx.com.co/item/se-arrienda-apartaestudio-en-el-barrio-antonio-narino-iid-1100915201,2020-1-13
alquilohabitacionamoblada20201132142,https://www.olx.com.co/item/alquilo-habitacion-amoblada-iid-1100914633,2020-1-13
apartaestudiocaney20201132142,https://www.olx.com.co/item/apartaestudio-caney-iid-958805994,2020-1-13
alquilohabitacionamoblada20201132142,https://www.olx.com.co/item/alquilo-habitacion-amoblada-iid-1100913406,2020-1-13
searriendaosevendecasagrandeconlocalgrande20201132142,https://www.olx.com.co/item/se-arrienda-o-se-vende-casa-grande-con-local-grande-iid-1100913385,2020-1-13
apartaestudioenalquilercalisurdepartamental20201132142,https://www.olx.com.co/item/apartaestudio-en-alquiler-cali-sur-departamental-iid-1100912904,2020-1-13
hotelhospedajealojamientohabitacionesacomodacionsurdecalibuenprecioeconomicobuensectorbarriocaney20201132142,https://www.olx.com.co/item/hotel-hospedaje-alojamiento-habitaciones-acomodacion-sur-de-cali-buen-precio-economico-buen-sector-barrio-caney-iid-900710823,2020-1-13
searriendaespectacularapartamentoingeniocali20201132142,https://www.olx.com.co/item/se-arrienda-espectacular-apartamento-ingenio-cali-iid-1100440467,2020-1-13
alquilerapartamentolaindependenciasurdecali20201122142,https://www.olx.com.co/item/alquiler-apartamento-la-independencia-sur-de-cali-iid-1064404927,2020-1-12
apartamentoenarriendoencalijuanambucodabjmi20201122142,https://www.olx.com.co/item/apartamento-en-arriendo-en-cali-juanambu-cod-abjmi8230-iid-1055759613,2020-1-12
apartamentoenalquilercalisurellidowasi20201112142,https://www.olx.com.co/item/apartamento-en-alquiler-cali-sur-el-lido-wasi-1795370-iid-1100817460,2020-1-11
apartaestudioenarriendoencaliguayaquilcodabayc20201132142,https://www.olx.com.co/item/apartaestudio-en-arriendo-en-cali-guayaquil-cod-abayc2386-iid-1100911396,2020-1-13
casaenarriendoencaliaranjuezcodabayc20201132142,https://www.olx.com.co/item/casa-en-arriendo-en-cali-aranjuez-cod-abayc20-iid-1100911395,2020-1-13
apartamentoenarriendoencalielingenioicodabjmi20201132142,https://www.olx.com.co/item/apartamento-en-arriendo-en-cali-el-ingenio-i-cod-abjmi5861-iid-1100911390,2020-1-13
edificioenarriendoencalinuevatequendamacodabjmi20201132142,https://www.olx.com.co/item/edificio-en-arriendo-en-cali-nueva-tequendama-cod-abjmi8751-iid-1100911344,2020-1-13
casaenarriendoencalilascameliascodabbnc20201132142,https://www.olx.com.co/item/casa-en-arriendo-en-cali-las-camelias-cod-abbnc-9052-iid-1100911320,2020-1-13
apartamentoenarriendoencalicristalescodabbnc20201132142,https://www.olx.com.co/item/apartamento-en-arriendo-en-cali-cristales-cod-abbnc-90701-iid-1100911316,2020-1-13
casaenarriendoencalimorichaldecomfandicodabbnc20201132142,https://www.olx.com.co/item/casa-en-arriendo-en-cali-morichal-de-comfandi-cod-abbnc-70707-iid-1100911314,2020-1-13
apartamentoenarriendoencaliciudadjardincodabbnc20201132142,https://www.olx.com.co/item/apartamento-en-arriendo-en-cali-ciudad-jardin-cod-abbnc-7509-iid-1100911313,2020-1-13
apartamentoenarriendoencalicaneycodabbnc20201132142,https://www.olx.com.co/item/apartamento-en-arriendo-en-cali-caney-cod-abbnc-90703-iid-1100911308,2020-1-13
apartamentoenarriendoventaencaliarboledacodabkwc20201132142,https://www.olx.com.co/item/apartamento-en-arriendoventa-en-cali-arboleda-cod-abkwc-10403803-iid-1100911303,2020-1-13
apartaestudioenarriendoencalimelendezcodabkwc20201132142,https://www.olx.com.co/item/apartaestudio-en-arriendo-en-cali-melendez-cod-abkwc-165-iid-1064482359,2020-1-13
arriendoapartamento20201132142,https://www.olx.com.co/item/arriendo-apartamento-iid-1100911176,2020-1-13
arriendohabitacion20201132142,https://www.olx.com.co/item/arriendo-habitacion-iid-1100910483,2020-1-13
rentohabitacionenexcelenteubicacionenvalledellili20201132142,https://www.olx.com.co/item/rento-habitacion-en-excelente-ubicacion-en-valle-del-lili-iid-1100909908,2020-1-13
serentaapartamentoenelcaneyespecial20201132142,https://www.olx.com.co/item/se-renta-apartamento-en-el-caney-especial-iid-1100908191,2020-1-13
hermosoapartaestudioamobladotodoslosserviciosincluidos(aguagasenergiainternettv)20201132142,https://www.olx.com.co/item/hermoso-apartaestudio-amoblado-todos-los-servicios-incluidos-agua-gas-energia-internet-tv-iid-1100907835,2020-1-13
bellacasaensanfernando20201122142,https://www.olx.com.co/item/bella-casa-en-san-fernando-iid-1065885735,2020-1-12
casaenalquilercalisursanjudaswasi20201112142,https://www.olx.com.co/item/casa-en-alquiler-cali-sur-san-judas-wasi-1783381-iid-1100817454,2020-1-11
apartamentoenalquilercalisurelcaneywasi20201112142,https://www.olx.com.co/item/apartamento-en-alquiler-cali-sur-el-caney-wasi-1672884-iid-1100201572,2020-1-11
hermososapartaestudiosenmelendez20201132142,https://www.olx.com.co/item/hermosos-apartaestudios-en-melendez-788-665-iid-1100415566,2020-1-13
alquiloapartamento20201132142,https://www.olx.com.co/item/alquilo-apartamento-iid-1100907370,2020-1-13
alquilerdehabitacion20201132142,https://www.olx.com.co/item/alquiler-de-habitacion-iid-1100907133,2020-1-13
villadelsurhabitacionesincluyeserviciosaguayluz20201132142,https://www.olx.com.co/item/villa-del-sur-3-habitaciones-incluye-servicios-agua-y-luz-iid-1100906318,2020-1-13
vendoheladerÍalocalconapto20201132142,https://www.olx.com.co/item/vendo-heladeria-local-con-apto-iid-1100905370,2020-1-13
sealquilaaptopiso20201132142,https://www.olx.com.co/item/se-alquila-apto-3-piso-iid-1100905323,2020-1-13
apartamentobarrioellimonarcalim²habitacionesbanios20201132142,https://www.olx.com.co/item/apartamento-barrio-el-limonar-cali-88-m-2-habitaciones-3-banos-iid-1100902993,2020-1-13
alquiloapartaestudiobarrioingenio20201132142,https://www.olx.com.co/item/alquilo-apartaestudio-barrio-ingenio-iid-1100902928,2020-1-13
casaampliacontodoincluido20201132142,https://www.olx.com.co/item/casa-amplia-con-todo-incluido-iid-1100902390,2020-1-13
arriendoapartamentoaltillojuanambÚ20201132142,https://www.olx.com.co/item/arriendo-apartamento-altillo-juanambu-iid-1100900471,2020-1-13
alquiloapartamento20201132142,https://www.olx.com.co/item/alquilo-apartamento-iid-1100900463,2020-1-13
alquiloloftbarrioolÍmpicocali20201132142,https://www.olx.com.co/item/alquilo-loft-barrio-olimpico-cali-iid-1100899160,2020-1-13
alquiloapartaestudioencaney20201132142,https://www.olx.com.co/item/alquilo-apartaestudio-en-caney-iid-1064141388,2020-1-13
apartamentoenalquilerenelbciudadjardin20201132142,https://www.olx.com.co/item/apartamento-en-alquiler-en-el-b-ciudad-jardin-iid-1062194070,2020-1-13
searrendahabitacion20201132142,https://www.olx.com.co/item/se-arrenda-habitacion-iid-1100895422,2020-1-13
apartamentoenarriendoalsurdecalibarriolossamanaes20201132142,https://www.olx.com.co/item/apartamento-en-arriendo-al-sur-de-cali-barrio-los-samanaes-iid-1100895093,2020-1-13
arriendohabitaciondisponibleapartirdeldeenero20201132142,https://www.olx.com.co/item/arriendo-habitacion-disponible-a-partir-del-20-de-enero-2020-iid-1100894907,2020-1-13
casasenalquilercalisurbarriolahacienda20201122142,https://www.olx.com.co/item/casas-en-alquiler-cali-sur-barrio-la-hacienda-iid-1067957277,2020-1-12
belalcazarapartaestudioconserviciosincluidos20201122142,https://www.olx.com.co/item/belalcazar-apartaestudio-con-servicios-incluidos-iid-1068114048,2020-1-12
apartamentoamobladociudadjardinsurcali20201102142,https://www.olx.com.co/item/apartamento-amoblado-ciudad-jardin-sur-cali-iid-1100861693,2020-1-10
apartamentoenarriendoenjamundiconjuntoresidencialforestalaqua20201122142,https://www.olx.com.co/item/apartamento-en-arriendo-en-jamundi-conjunto-residencial-forestal-aqua-iid-1057475466,2020-1-12
alquilohermosahabitacionenzonaseguradecali!20201132142,https://www.olx.com.co/item/alquilo-hermosa-habitacion-en-zona-segura-de-cali-iid-1100894424,2020-1-13
habitacionescomodasparaestudiantes20201132142,https://www.olx.com.co/item/habitaciones-comodas-para-estudiantes-iid-1100893802,2020-1-13
arriendoaptocercaunicosegundopisotreshabitacionesdosbaÑoscocinaintegralconestufagassalacomedorpatio20201132142,https://www.olx.com.co/item/arriendo-apto-cerca-unico-segundo-piso-tres-habitaciones-dos-banos-cocina-integral-con-estufa-gas-salacomedor-patio-iid-1100893565,2020-1-13
alquilohabitacionamoblada20201132142,https://www.olx.com.co/item/alquilo-habitacion-amoblada-iid-1100893452,2020-1-13
apartamentoenarriendoencalilahaciendacodababc20201132142,https://www.olx.com.co/item/apartamento-en-arriendo-en-cali-la-hacienda-cod-ababc5275-iid-1100892393,2020-1-13
apartaestudioenarriendoencaliguayaquilcodabayc20201132142,https://www.olx.com.co/item/apartaestudio-en-arriendo-en-cali-guayaquil-cod-abayc2392-iid-1100891728,2020-1-13
apartaestudioenarriendoencalisantamonicaresidencialcodabjmi20201132142,https://www.olx.com.co/item/apartaestudio-en-arriendo-en-cali-santa-monica-residencial-cod-abjmi8-iid-1100891666,2020-1-13
apartamentoenarriendoencalilahaciendacodabbnc20201132142,https://www.olx.com.co/item/apartamento-en-arriendo-en-cali-la-hacienda-cod-abbnc-90700-iid-1100891662,2020-1-13
apartamentoenarriendoencaliellidocodabbnc20201132142,https://www.olx.com.co/item/apartamento-en-arriendo-en-cali-el-lido-cod-abbnc-7710-iid-1100891656,2020-1-13
apartaestudioenarriendoencalimelendezcodabkwc20201132142,https://www.olx.com.co/item/apartaestudio-en-arriendo-en-cali-melendez-cod-abkwc-717-iid-1100891623,2020-1-13
vendocasaenciudadcordoba20201132142,https://www.olx.com.co/item/vendo-casa-en-ciudad-cordoba-iid-1100889984,2020-1-13
arrendoapto20201132142,https://www.olx.com.co/item/arrendo-apto-iid-1100889427,2020-1-13
apartamentobretaniaparaextrenar20201132142,https://www.olx.com.co/item/apartamento-bretana-para-extrenar-iid-1100212308,2020-1-13
alquiloaptocercaunicotreshabitacionesdosbaÑoscocinaintegralpatioamplio20201132142,https://www.olx.com.co/item/alquilo-apto-cerca-unico-tres-habitaciones-dos-banos-cocina-integral-patio-amplio-iid-1100888846,2020-1-13
sealquilaapartaestudio20201132142,https://www.olx.com.co/item/se-alquila-apartaestudio-iid-1100888309,2020-1-13
hermosoapartamentoconserviciosincluidosexcelenteubicaciÓnalladodelatorredecaliconserviciosincluidos20201132142,https://www.olx.com.co/item/hermoso-apartamento-con-servicios-incluidos-excelente-ubicacion-al-lado-de-la-torre-de-cali-con-servicios-incluidos-iid-1100887543,2020-1-13
casaenarriendoencalicapricodabsum20201122142,https://www.olx.com.co/item/casa-en-arriendo-en-cali-capri-cod-absum461394-iid-1100655844,2020-1-12
casaenarriendoencalidepartamentalcodabbnc20201112142,https://www.olx.com.co/item/casa-en-arriendo-en-cali-departamental-cod-abbnc-90056-iid-1100190162,2020-1-11
hermosoapartamentoenelingenioedificioelsaman20201112142,https://www.olx.com.co/item/hermoso-apartamento-en-el-ingenio-edificio-el-saman-iid-1100080816,2020-1-11
alquilerapartamentoelaguacataloestedecali20201122142,https://www.olx.com.co/item/alquiler-apartamento-el-aguacatal-oeste-de-cali-iid-1042736298,2020-1-12
serviciosincluidoslujosoparaestrenar20201132142,https://www.olx.com.co/item/servicios-incluidos-lujoso-para-estrenar-iid-1100885826,2020-1-13
arriendoapartamento20201132142,https://www.olx.com.co/item/arriendo-apartamento-iid-1100885697,2020-1-13
arriendoapartamentohermosoenvalledellilinogalesdellilicali20201132142,https://www.olx.com.co/item/arriendo-apartamento-hermoso-en-valle-del-lili-nogales-del-lili-cali-iid-1100885184,2020-1-13
alquiloapartamentoentalanga20201132142,https://www.olx.com.co/item/alquilo-apartamento-en-talanga-iid-1100884133,2020-1-13
alquilohermosoapartamentoprimerpisoenbarriosietedeagostocali20201132142,https://www.olx.com.co/item/alquilo-hermoso-apartamento-primer-piso-en-barrio-siete-de-agosto-cali-iid-1100883540,2020-1-13
alquilocasacomercialtequendama20201132142,https://www.olx.com.co/item/alquilo-casa-comercial-tequendama-iid-1100882835,2020-1-13
arriendoaptoaestrenar20201132142,https://www.olx.com.co/item/arriendo-apto-a-estrenar-iid-1100882289,2020-1-13
alquilohabitacionensalomia20201132142,https://www.olx.com.co/item/alquilo-habitacion-en-salomia-iid-1100882181,2020-1-13
arriendoaptoenpampalinda20201132142,https://www.olx.com.co/item/arriendo-apto-en-pampalinda-iid-1100881092,2020-1-13
encaliapartaestudioindependiente20201132142,https://www.olx.com.co/item/en-cali-apartaestudio-independiente-iid-1058697413,2020-1-13
arriendohabitacion20201132142,https://www.olx.com.co/item/arriendo-habitacion-iid-1100879645,2020-1-13
arriendoparabodegaadoscuadrasdelaautopistasurorientalporseguridadomega;cercadelpuentedelacarrera20201132142,https://www.olx.com.co/item/arriendo-para-bodega-a-dos-cuadras-de-la-autopista-suroriental-por-seguridad-omega-cerca-del-puente-de-la-carrera-44-iid-1100879070,2020-1-13
alquilerapartamentobarrioelpondaje20201132142,https://www.olx.com.co/item/alquiler-apartamento-barrio-el-pondaje-iid-1100878983,2020-1-13
apartamentodemayoparqueaderopropioparacarroymoto20201132142,https://www.olx.com.co/item/apartamento-1-de-mayo-parqueadero-propio-para-carro-y-moto-iid-1100878597,2020-1-13
searreindaapartamentocristobalcolÓn20201132142,https://www.olx.com.co/item/se-arreinda-apartamento-cristobal-colon-650000-iid-1100878214,2020-1-13
alquileres20201132142,https://www.olx.com.co/item/alquileres-iid-1100876072,2020-1-13
casaenarriendoencalicuartodeleguacodabpro20201132142,https://www.olx.com.co/item/casa-en-arriendo-en-cali-cuarto-de-legua-cod-abpro2111-iid-1100439407,2020-1-13
casacondominioenarriendoencaliciudadpacificacodabbnc20201102142,https://www.olx.com.co/item/casa-condominio-en-arriendo-en-cali-ciudad-pacifica-cod-abbnc-90217-iid-1100266387,2020-1-10
alquilocasasurdecaliprimerpisobarriodepartamentaldecali20201122142,https://www.olx.com.co/item/alquilo-casa-sur-de-cali-primer-piso-barrio-departamental-de-cali-iid-1067419896,2020-1-12
alquilerapartamentosantaisabeloestedecali20201122142,https://www.olx.com.co/item/alquiler-apartamento-santa-isabel-oeste-de-cali-iid-1059105889,2020-1-12
searriendapiezaconcocinainterna20201132142,https://www.olx.com.co/item/se-arrienda-pieza-con-cocina-interna-iid-1100875974,2020-1-13
alquiloaptotopisobarriojunin20201132142,https://www.olx.com.co/item/alquilo-apto-4to-piso-barrio-junin-iid-1064464907,2020-1-13
habitacion20201132142,https://www.olx.com.co/item/habitacion-iid-1100875194,2020-1-13
alquilofincaderecreoenpavaslacumbre20201132142,https://www.olx.com.co/item/alquilo-finca-de-recreo-en-pavas-la-cumbre-iid-1100874904,2020-1-13
apartamentoenarriendoencaliagostocodababc20201132142,https://www.olx.com.co/item/apartamento-en-arriendo-en-cali-7-agosto-cod-ababc5216-iid-1063793415,2020-1-13
apartamentoenarriendoencalisantaritacodabjmi20201132142,https://www.olx.com.co/item/apartamento-en-arriendo-en-cali-santa-rita-cod-abjmi8193-iid-1055759705,2020-1-13
arriendoapartamentopequenio20201132142,https://www.olx.com.co/item/arriendo-apartamento-pequeno-iid-1100873004,2020-1-13
arrendohabitacionnuevoaestrenarparasercompartido20201132142,https://www.olx.com.co/item/arrendo-habitacion-nuevo-a-estrenar-para-ser-compartido-iid-1100872268,2020-1-13
arriendoapartaestudio20201132142,https://www.olx.com.co/item/arriendo-aparta-estudio-iid-1100871846,2020-1-13
sealquilahabitacionconmtsesdeestrenarrecienpintado20201132142,https://www.olx.com.co/item/se-alquila-habitacion-con-20-mts-es-de-estrenar-recien-pintado-iid-1100222808,2020-1-13
searienda20201132142,https://www.olx.com.co/item/se-arienda-iid-1100869791,2020-1-13
arriendoencali20201132142,https://www.olx.com.co/item/arriendo-en-cali-iid-1100868904,2020-1-13
sealquilaapartamento20201132142,https://www.olx.com.co/item/se-alquila-apartamento-iid-1100868469,2020-1-13
alquileraptomilpesos20201132142,https://www.olx.com.co/item/alquiler-apto-650mil-pesos-iid-1055906906,2020-1-13
apartamentoenarriendoencalicristobalcoloncodabayc20201132142,https://www.olx.com.co/item/apartamento-en-arriendo-en-cali-cristobal-colon-cod-abayc1790-iid-1100866240,2020-1-13
alquilamosapartamentoparaestrenarenelbpance20201102142,https://www.olx.com.co/item/alquilamos-apartamento-para-estrenar-en-el-b-pance-iid-1061834042,2020-1-10
alquilercasaciudadcordobaorientedecali20201122142,https://www.olx.com.co/item/alquiler-casa-ciudad-cordoba-oriente-de-cali-iid-1067096719,2020-1-12
arriendodeapartaestudioensantaanitasurcali20201122142,https://www.olx.com.co/item/arriendo-de-apartaestudio-en-santa-anita-sur-cali-788-451-iid-1066042903,2020-1-12
apartamentoenarriendoencaliversallescodabjmi20201102142,https://www.olx.com.co/item/apartamento-en-arriendo-en-cali-versalles-cod-abjmi8644-iid-1066693735,2020-1-10
alquilerapartaestudiovillanuevaorientedecali20201132142,https://www.olx.com.co/item/alquiler-apartaestudio-villanueva-oriente-de-cali-iid-1064584361,2020-1-13
casaenalquilerenbellavistacali20201102142,https://www.olx.com.co/item/casa-en-alquiler-en-bella-vista-cali-iid-1061841858,2020-1-10
casacampestreenalquilerpance20201102142,https://www.olx.com.co/item/casa-campestre-en-alquiler-pance-iid-1061838474,2020-1-10
alquiloaprartaestudioserviciosincluidosenelbarriolaflora20201102142,https://www.olx.com.co/item/alquilo-aprartaestudio-servicios-incluidos-en-el-barrio-la-flora-iid-1062255423,2020-1-10
alquiloapartamentopequeniom20201102142,https://www.olx.com.co/item/alquilo-apartamento-pequeno-32m2-iid-1100863525,2020-1-10
apartaestudioavguadalupe(cr)20201102142,https://www.olx.com.co/item/apartaestudio-av-guadalupe-cr56-iid-1100863282,2020-1-10
arriendodehabitacion20201102142,https://www.olx.com.co/item/arriendo-de-habitacion-iid-1100862567,2020-1-10
casaalquilerciudadcordoba#wasi20201102142,https://www.olx.com.co/item/casa-alquiler-ciudad-cordoba-133-wasi-1835353-iid-1100859425,2020-1-10
alquilerapartamentoenvalledellili(ft)wasi20201102142,https://www.olx.com.co/item/alquiler-apartamento-en-valle-del-lili-ft-wasi-1832296-iid-1100859375,2020-1-10
apartamentoenarriendoencaliulpianolloredacodabayc20201102142,https://www.olx.com.co/item/apartamento-en-arriendo-en-cali-ulpiano-lloreda-cod-abayc1075-iid-1100859373,2020-1-10
apartamentoenarriendoencalibochalemacodabbnc20201102142,https://www.olx.com.co/item/apartamento-en-arriendo-en-cali-bochalema-cod-abbnc-90518-iid-1100859301,2020-1-10
alquilolindacasanuevacalitempletesoloparavivienda20201102142,https://www.olx.com.co/item/alquilo-linda-casa-nueva-cali-templete-solo-para-vivienda-iid-1100857019,2020-1-10
arriendohabitacionamujersolaopareja20201102142,https://www.olx.com.co/item/arriendo-habitacion-a-mujer-sola-o-pareja-iid-1100856824,2020-1-10
apartamentoenrentabochalema20201102142,https://www.olx.com.co/item/apartamento-en-renta-bochalema-iid-1100855507,2020-1-10
necesitoapartamentoocasaparaarrendarenbarriolidootequendama20201102142,https://www.olx.com.co/item/necesito-apartamento-o-casa-para-arrendar-en-barrio-lido-o-tequendama-iid-1100855439,2020-1-10
sealquilaapartamento20201102142,https://www.olx.com.co/item/se-alquila-apartamento-iid-1100852752,2020-1-10
apartamentoprimerodemayorenta20201102142,https://www.olx.com.co/item/apartamento-primero-de-mayo-renta-iid-1100295342,2020-1-10
